dotty, 9846, 2020-10-15T14:06:53+0200, b84b839, 2020-10-15T14:46:44+0200, 84256.011 47686.625 42488.605 40775.683 39334.491 38837.593 39641.733 38595.322 38392.578 38931.967 38205.622 38248.774 38741.923 37953.673 37998.878 38824.280 38195.726 38030.097 38608.864 37981.683 38098.768 38702.933 37940.997 37984.411 38680.046 37785.754 37976.793 38546.237 37870.463 38038.009 , 38769.151 37784.369 37904.488 38602.695 37948.711 37855.083 38704.052 37974.673 37884.607 38547.287 37851.449 37820.225 38710.339 38047.676 37848.482 38629.673 38004.246 38016.457 38814.479 38052.131
re2s, 9846, 2020-10-15T14:06:53+0200, b84b839, 2020-10-15T14:49:15+0200, 14307.155 5703.634 4296.519 3464.516 2984.036 2945.754 2817.698 2674.013 2540.212 2533.214 2471.446 2400.780 2357.316 2297.158 2285.728 2237.102 2201.276 2194.206 2174.645 2154.157 2194.074 2140.697 2153.726 2115.660 2090.231 2092.536 2071.191 2110.634 2093.154 2083.752 , 2055.423 2064.980 2073.991 2092.700 2084.261 2079.545 2067.626 2069.009 2049.938 2046.935 2077.072 2065.048 2057.268 2027.918 2050.557 2074.966 2041.396 2042.848 2019.813 2035.402
scalap, 9846, 2020-10-15T14:06:53+0200, b84b839, 2020-10-15T14:51:45+0200, 14754.232 5491.755 4425.557 3691.235 3391.607 3254.039 3132.463 2897.910 2710.052 2481.585 2429.804 2385.503 2356.484 2275.564 2247.645 2213.580 2166.812 2197.214 2097.526 2103.051 2056.913 2063.189 1970.276 1976.031 2032.552 1935.675 1963.002 1943.157 1947.906 1901.233 , 1878.681 1899.413 1887.581 1874.703 1901.779 1909.951 1863.629 1828.815 1903.967 1820.377 1815.921 1837.658 1834.310 1820.880 1846.205 1796.555 1801.547 1796.313 1797.217 1872.145
stdlib213, 9846, 2020-10-15T14:06:53+0200, b84b839, 2020-10-15T15:13:29+0200, 51397.583 29023.310 23411.299 21556.907 22070.533 20058.049 19752.978 19737.401 20849.954 19423.161 19316.668 19336.708 20539.167 19219.603 19206.236 19093.905 20366.002 19069.720 19111.331 19009.858 20478.220 19075.743 19034.025 19057.043 20298.214 19050.342 18972.895 19052.163 20349.838 19042.795 , 19032.134 18973.610 20252.780 19032.242 19033.388 19024.104 20327.864 18883.508 18945.561 18919.850 20273.033 18908.696 18878.454 18864.332 20278.974 18924.860 19015.542 19032.361 20311.640 18891.017
power-macro-power-inlined-1, 9846, 2020-10-15T14:06:53+0200, b84b839, 2020-10-15T15:15:10+0200, 3207.843 295.425 201.123 143.427 116.201 97.053 91.010 91.267 90.270 89.706 89.209 103.672 82.870 82.560 82.182 79.070 76.685 72.157 72.402 70.384 71.110 68.824 68.106 68.735 67.164 66.610 64.063 64.357 63.918 64.104 , 66.193 62.260 62.825 62.461 62.302 61.531 62.209 62.059 64.199 60.821 61.897 60.718 61.739 60.603 61.279 60.191 61.286 59.782 60.920 59.660
power-macro-power-inlined-1k, 9846, 2020-10-15T14:06:53+0200, b84b839, 2020-10-15T15:16:57+0200, 4977.073 1155.477 760.404 613.712 564.622 511.209 439.306 373.410 341.411 299.142 276.913 246.159 286.983 236.153 240.731 221.823 217.136 209.090 206.183 202.726 196.597 193.115 193.926 194.853 189.307 190.477 188.737 189.940 188.120 191.446 , 186.323 191.481 186.220 185.928 182.233 187.180 182.360 183.588 180.393 182.956 182.458 183.723 180.951 183.710 179.568 181.651 180.931 181.813 179.474 179.250
quote-string-interpolation-matching, 9846, 2020-10-15T14:06:53+0200, b84b839, 2020-10-15T15:18:44+0200, 5127.962 1357.571 1051.162 951.052 754.082 624.176 596.256 580.006 579.383 564.401 561.505 565.753 562.020 569.563 561.417 553.431 561.073 562.979 562.530 563.272 558.796 564.865 553.392 559.079 554.155 558.117 547.013 550.245 558.200 540.478 , 549.684 546.370 543.547 551.431 541.958 548.066 539.128 538.888 546.250 534.966 536.454 531.507 536.171 533.471 537.994 539.478 534.534 534.497 536.366 535.484
i1535, 9846, 2020-10-15T14:06:53+0200, b84b839, 2020-10-15T15:20:02+0200, 4028.856 692.202 460.516 359.071 309.223 272.526 225.807 196.096 173.280 162.957 153.356 152.740 151.254 151.757 151.616 149.866 145.296 146.324 140.327 137.681 138.560 135.852 130.872 133.520 126.079 149.695 126.077 125.600 126.468 123.825 , 122.191 121.979 120.319 120.130 116.421 116.969 114.484 114.587 114.077 113.260 114.121 112.984 110.056 114.101 111.028 110.903 110.719 110.116 108.929 114.293
i1687, 9846, 2020-10-15T14:06:53+0200, b84b839, 2020-10-15T15:21:18+0200, 3292.196 410.568 275.007 218.402 184.378 160.518 131.508 122.010 118.846 105.097 104.322 98.322 96.364 90.832 89.121 89.665 87.309 87.080 84.897 86.550 84.721 84.505 85.424 82.001 83.219 81.393 84.722 81.675 81.612 79.709 , 80.340 78.450 78.337 80.633 77.425 78.554 77.684 77.862 76.469 77.519 75.988 76.240 75.140 76.050 74.384 77.523 74.722 75.288 74.443 74.914
empty-class, 9846, 2020-10-15T14:06:53+0200, b84b839, 2020-10-15T15:22:31+0200, 2527.416 119.966 68.045 51.269 45.575 41.151 39.251 36.594 35.619 34.246 33.331 32.670 32.206 30.579 31.184 30.331 29.530 28.311 28.008 27.966 26.696 26.762 26.312 26.419 26.505 25.910 26.068 25.418 25.642 25.806 , 25.341 24.865 25.275 24.855 25.204 24.723 24.533 24.537 24.714 24.838 24.491 24.552 24.063 24.281 24.325 23.984 24.151 24.221 24.134 24.090
empty-object, 9846, 2020-10-15T14:06:53+0200, b84b839, 2020-10-15T15:23:45+0200, 2769.220 219.583 136.025 101.376 88.583 77.925 70.506 66.069 61.009 59.953 56.918 57.180 54.079 54.406 51.826 49.814 50.041 48.488 48.302 45.791 46.760 45.796 46.110 44.668 44.445 43.735 44.422 43.435 44.010 42.382 , 42.922 42.511 42.862 42.876 42.254 42.746 41.971 42.233 41.804 42.327 41.574 41.578 40.994 41.586 42.153 41.332 41.388 40.749 41.165 41.249
empty-file, 9846, 2020-10-15T14:06:53+0200, b84b839, 2020-10-15T15:24:58+0200, 1692.629 37.419 17.423 13.414 12.304 12.368 11.538 10.845 10.426 10.201 9.680 9.375 9.084 9.004 8.677 8.672 8.493 8.466 8.374 8.422 8.395 8.287 8.120 8.121 8.051 8.093 8.073 8.051 7.861 7.823 , 7.860 7.931 7.810 7.860 7.828 7.847 7.765 7.790 7.774 7.822 7.797 7.803 7.785 7.873 7.901 7.755 7.975 7.756 7.724 7.825
dotty, 9846, 2020-10-15T16:46:14+0200, a658e54, 2020-10-15T17:25:41+0200, 83952.626 48369.796 41699.649 40427.331 38645.740 38331.529 38991.247 37829.372 38002.659 38484.521 37677.769 37608.050 38489.016 37402.610 37639.223 38217.026 37435.011 37504.079 38232.497 37319.579 37586.444 38137.769 37453.538 37289.555 38293.769 37485.962 37302.431 38028.620 37349.090 37338.713 , 38229.881 37202.454 37317.055 38182.126 37332.597 37271.210 38166.180 37318.376 37446.464 38024.307 37469.817 37289.376 38085.115 37367.445 37448.529 38169.994 37356.633 37195.074 38319.820 37367.178
re2s, 9846, 2020-10-15T16:46:14+0200, a658e54, 2020-10-15T17:28:08+0200, 13775.774 5552.963 4277.132 3454.282 3208.986 2728.955 2608.197 2528.174 2478.928 2443.449 2357.989 2314.716 2262.316 2235.385 2242.197 2177.490 2142.691 2132.144 2125.052 2086.294 2090.428 2067.641 2086.135 2041.232 2023.814 2014.084 1998.897 2001.991 2019.137 1979.362 , 2027.617 2000.520 1992.130 1973.773 1979.189 2008.742 1988.002 1982.962 1989.658 1955.854 1971.803 1969.465 1954.212 1974.988 1966.400 1961.304 1953.047 1954.737 1964.216 1951.352
scalap, 9846, 2020-10-15T16:46:14+0200, a658e54, 2020-10-15T17:30:37+0200, 14796.538 5129.337 4166.748 3465.093 3124.832 3086.470 3012.121 2641.077 2651.685 2570.566 2478.377 2448.184 2282.959 2290.510 2208.756 2250.592 2080.932 2138.681 2068.087 2116.448 2012.560 2026.000 1972.995 2042.227 1952.924 1983.198 1929.082 2002.406 1911.746 1959.750 , 1888.967 1899.863 1881.657 1885.465 1840.020 1892.410 1834.836 1855.662 1888.792 1848.908 1797.252 1863.078 1812.231 1855.707 1840.452 1838.221 1782.621 1808.966 1776.070 1799.288
stdlib213, 9846, 2020-10-15T16:46:14+0200, a658e54, 2020-10-15T17:52:34+0200, 52766.509 29275.063 23626.174 21301.844 22045.090 20429.603 19718.935 19667.086 20779.046 19408.876 19411.136 19413.102 19264.594 20705.847 19231.965 19338.503 20473.542 19162.284 19240.155 19251.258 19242.280 20545.845 19162.559 19226.878 20480.421 19135.105 19126.038 19089.800 20416.017 19091.308 , 19116.166 19170.074 20345.715 19156.161 19172.064 19096.813 20338.126 19027.865 19073.138 19098.963 20429.168 19178.017 19035.766 19026.995 20310.233 19120.480 19096.358 19156.718 20389.665 19053.616
power-macro-power-inlined-1, 9846, 2020-10-15T16:46:14+0200, a658e54, 2020-10-15T17:54:14+0200, 3177.722 286.737 181.772 133.002 109.806 94.414 92.462 89.680 89.536 87.975 86.226 103.932 81.311 79.882 79.005 74.983 73.611 71.528 70.091 70.253 69.319 67.680 67.481 67.033 64.606 65.147 63.926 63.688 62.530 63.611 , 62.487 62.294 61.199 62.650 60.580 61.749 60.671 61.567 60.078 61.208 59.857 59.696 59.846 60.314 58.666 60.627 58.627 59.164 57.940 58.916
power-macro-power-inlined-1k, 9846, 2020-10-15T16:46:14+0200, a658e54, 2020-10-15T17:56:01+0200, 4937.123 1123.907 811.157 658.892 582.975 517.245 458.811 391.156 362.002 319.893 293.984 266.839 301.167 257.098 253.424 253.723 234.351 228.284 219.928 213.093 208.728 204.691 202.619 198.515 198.105 193.164 193.795 191.617 191.042 192.058 , 191.363 190.643 193.781 191.016 186.791 191.043 188.352 189.651 184.851 187.438 185.093 187.780 183.602 187.597 184.418 186.559 183.387 185.616 182.064 184.589
quote-string-interpolation-matching, 9846, 2020-10-15T16:46:14+0200, a658e54, 2020-10-15T17:57:47+0200, 5021.335 1455.005 1020.917 790.306 638.660 605.486 583.442 586.246 579.196 566.403 565.323 566.789 561.436 562.446 558.075 556.410 555.239 553.402 558.678 553.101 545.209 558.610 549.584 553.096 545.580 550.804 547.831 545.395 552.592 535.360 , 544.051 539.483 533.896 547.556 533.598 544.601 530.869 527.576 543.745 537.761 541.648 538.044 531.972 535.681 535.929 534.384 532.271 531.755 535.539 536.024
i1535, 9846, 2020-10-15T16:46:14+0200, a658e54, 2020-10-15T17:59:05+0200, 4029.292 691.329 453.837 354.918 299.146 256.883 213.049 190.293 173.085 170.108 157.724 158.802 163.060 154.880 153.238 149.181 148.266 143.538 145.652 137.017 138.328 132.066 130.629 133.607 127.788 126.684 149.075 124.607 127.423 122.644 , 121.857 121.479 120.379 120.246 116.430 115.297 115.450 116.097 115.050 113.344 115.779 114.206 110.721 112.620 112.158 112.868 111.292 111.591 110.156 109.876
i1687, 9846, 2020-10-15T16:46:14+0200, a658e54, 2020-10-15T18:00:21+0200, 3308.907 414.036 283.982 221.864 186.018 150.702 120.818 112.610 106.326 99.682 97.763 94.215 95.619 91.355 92.359 88.691 87.496 87.618 85.040 86.009 84.289 85.708 83.537 81.841 82.883 80.217 83.596 79.735 80.377 78.747 , 80.052 78.214 79.205 77.094 77.987 76.490 77.052 75.728 75.366 77.507 75.512 75.627 74.844 75.177 75.239 75.565 73.795 75.021 73.165 74.456
empty-class, 9846, 2020-10-15T16:46:14+0200, a658e54, 2020-10-15T18:01:35+0200, 2545.414 120.305 67.975 51.788 45.691 41.413 39.265 38.181 37.700 35.454 34.129 32.362 31.234 31.756 29.811 30.413 29.352 28.276 27.266 27.865 26.594 26.831 26.675 26.857 26.227 26.130 26.219 25.713 25.915 25.764 , 25.668 24.943 25.362 25.025 25.156 24.921 24.859 24.849 24.672 24.890 24.508 24.767 24.274 24.452 24.301 24.406 24.488 24.245 24.443 24.235
empty-object, 9846, 2020-10-15T16:46:14+0200, a658e54, 2020-10-15T18:02:49+0200, 2792.929 216.211 134.811 105.120 93.376 80.826 72.872 70.505 62.347 59.967 58.149 55.985 53.955 53.187 52.118 49.218 49.882 47.432 46.572 45.880 45.621 44.872 45.486 44.504 44.932 43.929 44.247 43.525 44.420 42.450 , 42.870 43.048 41.988 42.907 42.713 43.060 41.582 42.144 41.173 41.818 41.243 41.673 41.601 41.089 41.920 40.742 41.158 40.635 41.084 40.974
empty-file, 9846, 2020-10-15T16:46:14+0200, a658e54, 2020-10-15T18:04:01+0200, 1687.584 37.602 17.600 13.347 12.004 12.056 11.273 10.681 10.535 10.280 9.805 9.350 8.961 8.912 8.690 8.612 8.475 8.338 8.478 8.325 8.427 8.267 8.066 8.045 7.979 8.027 7.951 7.976 7.785 7.759 , 7.795 7.806 7.781 7.779 7.788 7.811 7.739 7.786 7.744 7.852 7.745 7.756 7.701 7.851 7.870 7.759 7.952 7.780 7.772 7.633
dotty, 9846, 2020-10-15T18:35:15+0200, cdd9d78, 2020-10-15T19:14:44+0200, 83977.344 47506.682 41329.275 40837.000 38861.356 38685.449 38860.374 37935.646 37950.251 38698.706 37889.718 37971.868 38210.427 37713.798 37617.458 38168.348 37714.114 37556.434 38008.494 37466.164 37639.425 37982.960 37631.261 37594.752 38054.452 37580.051 37648.240 37949.871 37400.187 37418.394 , 38060.404 37421.942 37690.262 37886.671 37430.168 37684.725 37901.920 37344.699 37425.637 37978.998 37486.002 37444.697 37989.628 37309.438 37546.841 37827.305 37485.871 37502.868 38167.688 37399.395
re2s, 9846, 2020-10-15T18:35:15+0200, cdd9d78, 2020-10-15T19:17:14+0200, 14283.717 6037.094 4293.503 3617.991 3338.965 2900.197 2793.912 2647.099 2547.775 2512.630 2374.573 2327.922 2291.609 2270.254 2222.308 2213.686 2189.881 2203.868 2186.367 2155.528 2130.938 2154.719 2124.986 2125.348 2079.287 2134.143 2060.000 2059.751 2048.169 2042.579 , 2037.519 2071.368 2040.453 2048.360 2031.517 2042.937 2040.168 2057.389 2058.388 2021.722 2016.841 2036.794 2023.386 2026.297 1999.184 2006.564 2030.214 2006.731 2037.089 2014.190
scalap, 9846, 2020-10-15T18:35:15+0200, cdd9d78, 2020-10-15T19:19:46+0200, 14661.101 5469.223 4235.047 3804.275 3412.543 3121.024 2994.493 2734.416 2645.703 2491.858 2419.914 2365.809 2361.259 2242.802 2260.703 2204.324 2174.912 2219.817 2160.923 2147.030 2106.044 2091.663 2023.891 2026.609 2037.630 2003.112 1997.727 1964.819 1985.526 1934.630 , 1955.464 1912.895 1925.329 1977.061 1930.054 1909.607 1884.280 1906.589 1979.740 1885.939 1863.187 1893.262 1861.360 1863.267 1884.195 1838.962 1822.055 1847.152 1837.061 1870.736
stdlib213, 9846, 2020-10-15T18:35:15+0200, cdd9d78, 2020-10-15T19:41:22+0200, 53236.696 29158.577 23490.250 21210.723 21791.825 20158.741 19640.568 19502.194 19344.360 19411.490 19185.435 19114.158 19198.402 20465.477 18917.150 18986.486 19044.588 18968.795 20261.198 18940.097 19069.057 20340.551 19031.023 18978.187 18870.152 20222.319 18984.293 18922.082 18874.854 20189.119 , 18814.821 18898.578 18858.092 20202.998 18869.549 18813.331 18909.108 20207.952 18910.896 18917.372 18850.472 20241.264 18845.393 18840.821 18963.730 20079.606 18873.683 18780.353 18874.596 20144.740
power-macro-power-inlined-1, 9846, 2020-10-15T18:35:15+0200, cdd9d78, 2020-10-15T19:43:02+0200, 3166.716 294.636 187.923 143.961 126.092 111.957 104.915 99.281 91.614 91.114 85.510 82.780 104.887 78.407 77.715 75.238 71.174 72.035 68.246 69.413 67.321 66.497 66.393 65.118 64.472 63.551 63.348 62.188 62.782 61.922 , 63.668 61.814 62.406 61.268 61.719 61.189 60.773 59.665 61.744 59.239 60.037 58.849 59.896 59.611 58.580 59.942 58.757 59.532 59.041 59.246
power-macro-power-inlined-1k, 9846, 2020-10-15T18:35:15+0200, cdd9d78, 2020-10-15T19:44:48+0200, 4993.708 1091.404 722.798 600.640 557.411 454.975 367.794 325.270 280.728 252.771 258.012 264.765 303.618 235.468 233.168 214.190 208.645 208.345 201.442 196.003 194.619 192.427 189.682 192.489 189.291 191.251 185.758 188.454 186.180 187.263 , 189.421 188.978 181.980 184.176 183.779 183.642 180.086 185.841 180.366 183.910 180.047 184.795 181.579 182.608 177.614 180.644 177.733 181.190 177.937 179.143
quote-string-interpolation-matching, 9846, 2020-10-15T18:35:15+0200, cdd9d78, 2020-10-15T19:46:34+0200, 5022.022 1332.596 1004.569 868.599 647.253 613.104 599.351 587.041 589.000 572.110 566.174 568.667 561.430 561.989 555.453 557.107 567.397 554.954 556.474 548.327 550.566 555.535 551.745 554.329 549.356 551.208 540.626 548.472 553.735 535.817 , 543.619 542.846 539.172 545.411 531.072 544.632 536.775 534.695 546.432 537.421 540.816 534.272 534.135 537.285 536.002 531.454 532.566 526.730 529.489 530.828
i1535, 9846, 2020-10-15T18:35:15+0200, cdd9d78, 2020-10-15T19:47:52+0200, 3985.021 683.668 458.383 368.461 310.007 263.934 213.441 184.816 173.284 168.028 154.162 149.721 153.166 147.385 146.637 139.578 137.788 141.757 130.938 129.887 131.654 128.586 126.891 128.231 123.546 148.224 121.343 123.491 120.298 118.545 , 120.580 116.727 117.700 113.537 112.499 112.658 111.865 111.212 110.170 110.637 108.858 107.633 110.047 107.796 107.277 106.414 107.422 105.401 109.448 106.385
i1687, 9846, 2020-10-15T18:35:15+0200, cdd9d78, 2020-10-15T19:49:08+0200, 3322.357 397.503 276.603 227.320 190.333 156.409 127.113 117.806 112.489 106.830 106.214 97.571 96.512 90.318 87.721 89.421 86.436 86.689 87.828 86.286 85.109 84.311 86.101 81.811 82.859 81.259 84.736 81.492 81.725 79.398 , 79.540 80.414 78.408 79.144 76.813 78.029 76.794 77.191 76.029 77.367 75.626 75.860 75.195 75.152 74.638 76.980 73.735 74.954 74.066 74.974
empty-class, 9846, 2020-10-15T18:35:15+0200, cdd9d78, 2020-10-15T19:50:22+0200, 2514.301 116.328 70.537 56.570 48.934 43.851 40.662 37.677 35.710 33.729 34.110 32.217 31.536 30.727 31.194 29.321 28.725 28.610 27.592 27.917 26.520 26.732 26.398 26.774 26.444 26.001 26.455 25.655 25.734 25.585 , 25.683 24.898 25.299 24.867 25.251 24.952 24.842 24.885 24.801 25.122 24.521 24.696 24.423 24.459 24.393 24.423 24.369 24.317 24.554 24.329
empty-object, 9846, 2020-10-15T18:35:15+0200, cdd9d78, 2020-10-15T19:51:36+0200, 2774.789 215.561 133.411 107.799 92.811 80.594 71.214 69.663 62.159 60.178 56.949 54.116 51.160 52.054 49.744 48.437 49.347 47.132 47.440 44.872 45.432 44.141 45.413 43.718 44.642 43.294 43.961 43.358 43.207 43.001 , 42.237 43.213 41.953 43.089 42.282 42.482 41.837 41.981 41.792 41.498 41.573 40.996 41.362 40.848 41.400 40.566 41.054 40.465 41.096 41.422
empty-file, 9846, 2020-10-15T18:35:15+0200, cdd9d78, 2020-10-15T19:52:48+0200, 1687.422 37.770 17.567 13.313 11.995 11.502 11.020 10.686 10.186 9.692 9.407 9.059 9.064 8.731 8.508 8.540 8.348 8.319 8.330 8.305 8.141 8.120 8.002 7.950 7.908 7.963 7.929 7.796 7.747 7.691 , 7.725 7.724 7.662 7.654 7.629 7.664 7.604 7.645 7.635 7.690 7.621 7.624 7.628 7.910 7.599 8.007 7.638 7.604 7.656 7.409
dotty, 9846, 2020-10-15T23:14:33+0200, 376ce43, 2020-10-15T23:53:58+0200, 84748.549 48618.369 41699.696 40699.837 39045.397 38525.098 38626.610 38104.795 37952.595 38344.227 37815.783 37963.729 38207.103 37748.012 37611.767 38162.087 37627.054 37578.936 38004.199 37663.592 37654.877 38039.919 37704.358 37553.778 38065.642 37590.715 37668.405 38120.263 37602.248 37525.623 , 38055.053 37577.683 37443.623 38071.580 37459.867 37552.227 37956.947 37538.073 37577.205 37996.569 37591.412 37659.997 37940.953 37487.743 37477.312 37974.278 37329.143 37387.421 38173.750 37628.220
re2s, 9846, 2020-10-15T23:14:33+0200, 376ce43, 2020-10-15T23:56:26+0200, 14122.690 5909.726 4606.973 3506.910 3173.295 2916.140 2691.709 2549.687 2440.444 2444.947 2328.242 2341.731 2317.819 2266.808 2179.566 2168.501 2148.753 2163.612 2139.598 2089.051 2073.890 2067.420 2061.558 2103.908 2034.790 2050.460 2019.002 2032.627 2007.431 1988.380 , 1982.164 2041.814 1991.047 1998.380 1985.446 1979.616 1965.817 1978.164 1977.522 2000.339 1962.367 1990.641 1959.586 1951.320 1950.378 1961.512 1984.437 1950.914 1945.971 1950.741
scalap, 9846, 2020-10-15T23:14:33+0200, 376ce43, 2020-10-15T23:58:54+0200, 14692.558 5403.753 4075.326 3433.793 3470.821 3288.186 2967.976 2792.346 2567.437 2401.615 2342.188 2283.215 2267.073 2169.017 2150.812 2185.889 2151.258 2187.094 2097.274 2104.757 2027.189 2048.955 1961.054 1987.302 1998.855 1939.130 1936.317 1931.660 1952.429 1886.459 , 1883.553 1893.660 1879.053 1889.195 1870.979 1909.462 1866.365 1855.224 1937.750 1831.930 1841.692 1835.608 1834.655 1849.022 1856.238 1813.357 1806.773 1802.070 1802.136 1851.175
stdlib213, 9846, 2020-10-15T23:14:33+0200, 376ce43, 2020-10-16T00:20:30+0200, 52642.501 28985.917 22863.831 21377.989 21476.193 19988.747 19506.570 19283.763 19246.400 19571.349 19079.048 19053.275 19125.788 20213.068 18962.358 19017.513 18913.287 20282.437 18833.539 18845.298 18933.629 20178.677 18907.388 18792.746 18881.080 20174.205 18876.858 18814.882 18898.243 20147.767 , 18856.520 18743.638 18803.611 20084.964 18821.739 18807.481 18853.323 20145.207 18846.737 18825.960 18776.470 20113.343 18782.344 18718.026 18863.968 20161.745 18762.989 18820.232 18824.820 20165.579
power-macro-power-inlined-1, 9846, 2020-10-15T23:14:33+0200, 376ce43, 2020-10-16T00:22:10+0200, 3167.967 296.504 192.501 144.329 123.291 103.642 97.675 94.339 88.643 86.651 84.067 84.876 93.158 78.347 79.052 75.366 74.952 71.637 71.539 69.687 67.742 68.584 66.520 67.502 65.638 64.605 64.717 62.867 63.697 63.172 , 64.009 61.960 61.701 61.469 61.373 61.167 60.771 59.460 62.245 60.122 60.983 60.596 60.023 59.778 59.516 60.878 59.412 60.259 58.626 59.231
power-macro-power-inlined-1k, 9846, 2020-10-15T23:14:33+0200, 376ce43, 2020-10-16T00:23:56+0200, 4973.262 1105.062 757.130 622.957 538.347 480.285 392.442 345.551 311.437 271.856 278.118 257.048 334.962 246.889 246.212 232.498 215.271 213.468 206.481 209.324 197.862 194.567 192.593 192.505 189.419 190.850 187.874 190.052 185.950 189.445 , 184.545 193.045 186.773 187.330 183.041 184.171 181.315 182.860 181.300 183.691 182.126 182.162 182.513 183.535 178.609 178.647 182.749 180.028 180.068 178.708
quote-string-interpolation-matching, 9846, 2020-10-15T23:14:33+0200, 376ce43, 2020-10-16T00:25:42+0200, 5085.864 1528.455 1139.148 848.681 650.875 616.830 607.804 591.993 594.361 577.201 572.007 575.452 565.912 575.757 570.045 568.768 568.275 559.101 574.289 566.542 556.812 567.411 562.751 564.285 559.222 565.184 547.855 552.517 557.030 546.328 , 554.367 550.663 548.789 558.597 547.410 559.552 547.945 544.843 549.697 542.624 544.747 547.955 545.643 547.708 542.309 542.788 537.549 538.898 544.514 545.080
i1535, 9846, 2020-10-15T23:14:33+0200, 376ce43, 2020-10-16T00:27:00+0200, 4006.710 698.587 469.231 360.640 298.362 261.285 216.001 183.693 167.266 162.137 155.330 156.247 161.111 154.021 154.902 149.833 143.431 147.355 138.673 134.286 137.158 134.625 130.977 133.698 127.849 150.772 126.068 127.882 123.394 122.807 , 124.356 119.540 120.255 117.244 115.471 115.515 114.190 114.922 111.463 111.996 113.437 112.333 111.232 110.477 112.128 109.132 109.016 112.198 107.144 113.575
i1687, 9846, 2020-10-15T23:14:33+0200, 376ce43, 2020-10-16T00:28:16+0200, 3298.246 414.846 301.892 232.466 195.489 169.470 137.665 118.154 111.301 100.589 99.505 95.774 99.233 96.875 96.122 95.920 91.661 91.092 88.532 88.202 88.302 85.386 86.698 83.658 83.965 82.276 83.378 84.832 81.241 82.483 , 80.751 81.157 79.056 79.577 77.396 78.826 77.418 78.892 75.901 78.086 76.466 76.107 76.596 75.543 76.098 75.947 76.241 74.435 75.707 74.183
empty-class, 9846, 2020-10-15T23:14:33+0200, 376ce43, 2020-10-16T00:29:30+0200, 2526.112 119.424 68.095 52.024 45.935 41.592 39.028 37.461 36.773 35.591 35.168 34.318 33.155 31.520 30.460 31.726 29.846 29.241 27.670 28.055 27.055 26.877 26.445 26.817 26.199 26.164 26.077 25.876 25.766 25.710 , 25.704 24.956 25.314 25.014 25.175 24.906 24.842 24.650 25.109 25.126 24.747 24.553 24.453 24.492 24.287 24.525 24.215 24.332 24.412 24.062
empty-object, 9846, 2020-10-15T23:14:33+0200, 376ce43, 2020-10-16T00:30:44+0200, 2777.640 221.910 133.813 106.280 86.256 74.843 69.109 66.893 62.285 60.669 59.237 57.458 54.349 55.354 51.783 49.946 50.367 48.678 48.064 47.125 46.862 45.590 45.670 45.544 45.109 44.659 44.644 43.725 44.658 42.829 , 43.578 42.757 43.235 43.397 42.842 43.768 42.016 42.490 41.579 42.496 41.725 42.273 41.608 42.079 42.037 41.912 41.772 41.005 41.563 41.069
empty-file, 9846, 2020-10-15T23:14:33+0200, 376ce43, 2020-10-16T00:31:56+0200, 1684.885 38.530 17.666 13.391 12.021 11.511 11.033 10.895 10.456 10.149 9.494 9.483 8.873 8.803 8.602 8.657 8.520 8.421 8.423 8.376 8.249 8.250 8.158 8.130 8.074 8.110 8.023 8.007 7.826 7.820 , 7.805 7.862 7.791 7.794 7.798 7.825 7.793 7.755 7.756 7.795 7.767 7.783 7.753 7.926 7.921 7.798 8.030 7.774 7.876 7.648
dotty, 9846, 2020-11-09T13:25:54+0100, e9ca9f9, 2020-11-09T14:06:16+0100, 86540.194 48248.995 43121.673 41920.861 40107.107 39579.374 39789.337 39346.496 39279.511 40830.163 39077.829 39622.895 39097.622 39027.634 39427.232 38916.955 38749.482 39158.643 38797.905 38760.703 39148.904 38790.382 38736.947 39297.980 38733.444 38785.655 39161.413 38664.285 38677.627 40314.333 , 38626.578 39278.297 38863.710 38709.121 39471.028 38651.281 38733.361 39363.155 38739.800 38745.482 39241.340 38755.881 38785.039 39226.291 38580.167 38501.770 39243.620 38588.839 38673.707 39640.797
re2s, 9846, 2020-11-09T13:25:54+0100, e9ca9f9, 2020-11-09T14:08:44+0100, 13780.447 5631.965 4259.434 3614.645 2952.318 2930.259 2766.786 2604.923 2513.481 2387.699 2389.742 2304.284 2304.789 2225.438 2204.333 2178.662 2166.877 2172.924 2120.245 2110.234 2126.476 2102.482 2100.217 2067.761 2064.527 2075.162 2096.603 2051.873 2079.092 2025.521 , 2018.296 2039.656 2024.444 2014.589 2022.935 1998.411 2023.227 2000.031 1999.086 1990.749 2001.464 1990.216 1999.792 1993.500 2026.249 1985.009 1978.292 1978.011 1991.988 1988.271
scalap, 9846, 2020-11-09T13:25:54+0100, e9ca9f9, 2020-11-09T14:11:12+0100, 14696.992 5226.355 4245.318 3754.836 3351.092 3172.090 3022.923 2774.019 2764.564 2592.002 2431.683 2359.962 2229.545 2209.508 2149.186 2136.458 2146.116 2085.361 2100.974 2017.642 2012.935 1986.319 1962.957 1986.522 1947.410 1949.605 1927.591 1964.706 1923.889 1877.350 , 1877.254 1912.295 1857.229 1861.160 1814.970 1851.634 1824.927 1820.399 1901.524 1820.129 1800.197 1797.479 1812.018 1784.169 1822.885 1771.912 1775.066 1802.883 1765.359 1783.985
stdlib213, 9846, 2020-11-09T13:25:54+0100, e9ca9f9, 2020-11-09T14:32:50+0100, 52593.997 28184.354 23104.862 21531.677 21555.224 19834.567 19457.689 19207.286 20529.576 19153.741 19032.348 18984.560 20243.590 18959.576 18795.793 18767.184 20140.536 18776.688 18751.616 18839.898 20072.595 18723.703 18757.875 18720.861 19935.399 18687.589 18633.928 18726.143 19995.936 18605.607 , 18628.715 18681.064 19968.669 18773.647 18603.331 18762.365 19970.903 18629.170 18614.779 18678.422 19889.240 18651.117 18733.334 18646.309 19978.449 18615.394 18684.630 18641.752 19983.378 18592.439
power-macro-power-inlined-1, 9846, 2020-11-09T13:25:54+0100, e9ca9f9, 2020-11-09T14:34:30+0100, 3204.025 299.950 190.641 147.236 119.882 102.521 98.975 95.644 88.845 87.567 84.648 95.815 79.620 77.560 76.447 73.189 73.395 71.295 68.073 69.726 68.168 66.839 66.701 65.791 64.373 64.783 64.064 63.905 62.842 62.941 , 64.663 62.009 61.799 61.200 61.566 60.490 61.388 59.360 61.628 59.417 60.232 59.428 60.147 59.194 59.749 59.299 59.631 58.512 59.966 58.583
power-macro-power-inlined-1k, 9846, 2020-11-09T13:25:54+0100, e9ca9f9, 2020-11-09T14:36:16+0100, 4987.824 1139.538 779.615 627.695 550.253 504.964 441.443 374.815 338.767 291.896 254.682 276.313 253.024 243.296 245.976 226.353 219.407 210.437 204.201 203.164 199.363 201.592 196.647 192.907 191.679 193.628 191.362 192.665 184.624 189.974 , 185.368 186.487 185.323 184.706 186.855 183.669 185.495 181.355 184.258 182.643 185.335 180.532 184.864 183.581 184.697 180.566 185.185 181.114 184.716 180.854
quote-string-interpolation-matching, 9846, 2020-11-09T13:25:54+0100, e9ca9f9, 2020-11-09T14:38:04+0100, 5278.435 1461.541 1085.974 808.002 684.442 614.080 608.857 593.185 590.578 578.493 582.837 587.836 570.335 569.191 561.581 562.840 573.507 561.383 569.543 558.545 567.202 559.292 562.553 569.691 555.227 560.093 560.481 562.081 565.085 550.118 , 558.756 556.366 546.179 564.829 551.064 558.670 545.239 545.395 554.907 549.138 546.399 545.037 546.698 546.631 545.196 543.891 537.375 544.704 538.744 539.395
i1535, 9846, 2020-11-09T13:25:54+0100, e9ca9f9, 2020-11-09T14:39:23+0100, 4008.648 679.106 456.790 353.876 304.470 258.892 218.227 184.866 172.159 163.833 152.294 151.703 159.433 152.852 149.679 154.390 146.953 141.154 159.443 135.974 132.303 137.735 129.237 128.060 128.203 124.430 123.843 123.869 122.620 124.060 , 119.583 120.436 119.079 118.247 115.176 115.972 113.853 113.698 112.430 112.392 113.016 111.630 111.334 111.542 109.312 111.485 107.842 108.024 110.925 109.099
i1687, 9846, 2020-11-09T13:25:54+0100, e9ca9f9, 2020-11-09T14:40:39+0100, 3340.411 428.252 298.845 228.126 196.613 180.497 145.907 116.806 111.453 104.196 104.072 102.215 98.393 98.314 94.437 93.335 93.611 88.607 88.175 89.451 86.979 87.510 85.402 85.223 86.415 83.444 85.862 84.582 84.459 81.519 , 81.895 81.834 80.123 80.534 78.695 81.129 78.033 78.897 78.453 77.044 79.318 77.120 78.917 76.381 76.426 77.429 77.909 76.740 75.543 76.705
empty-class, 9846, 2020-11-09T13:25:54+0100, e9ca9f9, 2020-11-09T14:41:53+0100, 2543.531 125.312 72.116 54.591 47.936 44.100 41.257 39.007 38.540 36.193 35.155 34.113 33.500 32.342 30.873 30.647 29.791 29.376 28.010 28.849 28.721 27.844 27.359 27.430 26.879 26.994 26.823 26.994 26.546 26.249 , 26.653 26.130 26.141 25.941 26.181 25.897 25.836 25.391 25.535 25.483 25.483 25.465 25.178 25.459 25.300 25.317 25.169 25.142 25.182 25.328
empty-object, 9846, 2020-11-09T13:25:54+0100, e9ca9f9, 2020-11-09T14:43:07+0100, 2806.969 218.461 138.137 103.346 89.919 76.853 68.639 64.640 61.192 60.082 55.739 54.699 53.003 52.431 53.185 51.046 50.494 48.966 47.896 48.102 47.236 46.968 45.455 46.426 44.551 45.032 44.014 44.007 43.766 43.912 , 42.996 43.542 42.952 43.175 42.522 43.691 41.845 42.395 41.488 42.301 42.343 42.326 41.891 41.886 41.599 41.929 41.553 41.611 40.996 41.411
empty-file, 9846, 2020-11-09T13:25:54+0100, e9ca9f9, 2020-11-09T14:44:20+0100, 1725.708 40.765 19.061 14.180 12.972 12.759 11.961 11.342 10.948 10.507 10.205 9.795 9.592 9.217 9.290 9.068 9.067 8.857 8.918 8.973 8.802 8.833 8.651 8.670 8.534 8.531 8.472 8.465 8.478 8.339 , 8.220 8.272 8.226 8.249 8.225 8.238 8.214 8.270 8.195 8.199 8.179 8.256 8.211 8.206 8.193 8.203 8.244 8.223 8.481 8.386
