dotty, 10032, 2020-10-21T15:36:06+0200, 2238082, 2020-10-21T16:16:52+0200, 86686.041 49255.544 43522.561 42145.973 40412.851 40096.563 41042.378 39370.903 39379.494 40038.891 38936.539 38986.656 39829.958 38909.631 38803.291 39880.231 38964.950 38857.217 39597.381 38758.509 38672.453 39587.948 38788.928 38828.861 39652.484 38816.653 38707.048 39662.983 38772.879 38584.242 , 39649.149 38550.391 38608.866 39550.204 38605.552 38804.475 39745.236 38735.734 38642.919 39571.971 38646.477 38853.738 39542.700 38672.933 38579.176 39679.912 38677.263 38580.928 39558.454 38622.539
re2s, 10032, 2020-10-21T15:36:06+0200, 2238082, 2020-10-21T16:19:18+0200, 14106.991 5348.473 4154.065 3366.293 2974.228 2779.858 2598.600 2437.101 2411.698 2328.280 2284.361 2237.384 2212.018 2161.372 2149.375 2118.515 2099.699 2083.028 2099.439 2054.807 2065.942 2049.513 2040.711 2001.792 2007.972 2016.758 2059.194 1998.360 2034.075 1992.364 , 2010.138 2001.751 1991.458 1988.708 2009.820 1984.091 2004.578 1986.768 1986.493 1963.960 1959.818 1966.050 2012.895 1973.478 1985.025 1967.284 1969.724 1943.661 1958.558 1967.059
scalap, 10032, 2020-10-21T15:36:06+0200, 2238082, 2020-10-21T16:21:39+0200, 14333.112 5032.092 3957.806 3387.373 3360.745 2975.399 2736.824 2624.687 2476.974 2484.507 2366.986 2273.598 2237.351 2165.784 2087.336 2096.390 2020.155 2005.125 1956.477 1906.979 1921.815 1846.049 1862.231 1874.812 1827.767 1793.262 1795.361 1782.644 1802.048 1746.390 , 1735.889 1757.486 1726.186 1699.505 1726.854 1699.562 1690.126 1675.074 1701.523 1710.663 1648.596 1652.039 1688.425 1646.850 1653.788 1620.088 1637.784 1638.323 1629.573 1624.276
stdlib213, 10032, 2020-10-21T15:36:06+0200, 2238082, 2020-10-21T16:42:51+0200, 52845.160 28074.797 22852.693 20963.615 19950.760 21001.897 19191.256 19025.786 20235.932 18913.032 18803.009 18898.632 18804.550 18857.798 18733.961 18673.295 18731.223 18581.258 18946.881 18580.811 18554.090 18566.435 18556.953 18706.081 18552.361 18550.368 18681.837 18552.946 18783.104 18538.764 , 18637.265 18635.324 19927.785 18446.647 18631.144 18547.922 18577.480 18644.628 18518.840 18605.965 18598.064 18551.244 18719.508 18492.933 18589.090 18634.819 18530.078 18703.284 18443.979 18479.767
power-macro-power-inlined-1, 10032, 2020-10-21T15:36:06+0200, 2238082, 2020-10-21T16:44:32+0200, 3167.080 293.732 180.457 137.798 118.462 100.357 94.638 93.745 90.899 90.379 88.431 88.281 97.843 79.815 75.840 76.960 73.156 71.782 70.152 68.997 68.051 68.154 66.918 66.033 65.436 63.521 63.701 62.766 62.806 62.785 , 64.655 61.135 61.992 61.538 61.584 60.835 61.184 59.708 61.789 59.348 60.290 59.379 60.243 59.026 59.362 58.566 59.116 58.124 59.604 58.684
power-macro-power-inlined-1k, 10032, 2020-10-21T15:36:06+0200, 2238082, 2020-10-21T16:46:20+0200, 5030.836 1200.636 868.409 671.327 584.753 503.264 432.634 369.760 339.269 296.606 271.364 240.427 250.721 294.811 228.090 223.053 211.973 210.489 200.089 194.851 190.875 189.199 188.054 187.735 183.776 185.308 183.416 183.815 180.397 183.575 , 180.395 185.629 179.797 178.732 176.604 179.246 177.166 183.370 175.869 179.453 176.924 177.274 178.467 178.136 174.244 174.864 175.217 174.996 175.524 174.624
quote-string-interpolation-matching, 10032, 2020-10-21T15:36:06+0200, 2238082, 2020-10-21T16:48:11+0200, 5187.489 1463.693 1114.972 1008.280 882.583 703.756 611.161 608.133 591.401 598.290 587.097 594.294 577.316 575.932 579.290 570.330 579.622 573.087 577.877 568.191 562.368 571.205 564.069 569.734 560.944 567.962 569.229 562.797 565.006 553.917 , 555.366 566.506 562.953 562.925 558.556 557.958 549.869 550.883 558.748 564.999 558.525 556.126 553.615 558.016 559.925 555.460 549.248 549.319 554.221 552.278
i1535, 10032, 2020-10-21T15:36:06+0200, 2238082, 2020-10-21T16:49:30+0200, 4040.567 680.177 454.987 357.933 318.761 279.040 220.899 191.441 168.899 165.601 159.266 157.233 160.285 152.892 150.947 143.725 138.239 141.728 137.352 131.705 132.429 128.874 125.981 127.890 123.846 126.436 122.616 120.024 122.881 118.681 , 120.795 117.772 114.767 117.254 111.891 113.354 112.506 111.035 113.498 109.424 113.340 109.781 113.105 108.275 110.336 107.929 107.571 107.065 107.882 108.683
i1687, 10032, 2020-10-21T15:36:06+0200, 2238082, 2020-10-21T16:50:46+0200, 3329.581 411.348 284.347 216.527 186.098 159.113 124.013 112.081 106.491 102.024 97.706 99.128 100.161 97.606 93.948 96.397 89.493 89.939 87.725 87.313 84.227 83.855 84.229 81.469 82.583 80.315 82.932 79.665 80.388 79.205 , 79.433 78.123 77.218 77.892 76.578 78.161 76.330 76.764 75.047 76.738 74.986 75.015 74.577 74.389 74.034 75.883 73.554 74.778 73.087 74.155
empty-class, 10032, 2020-10-21T15:36:06+0200, 2238082, 2020-10-21T16:52:00+0200, 2516.194 120.806 68.790 54.070 47.337 41.132 39.647 38.107 37.252 36.030 35.642 34.104 32.574 32.076 30.101 30.060 29.287 29.179 27.973 28.176 27.255 27.496 27.093 27.185 27.529 26.991 26.683 26.490 26.134 26.508 , 25.792 25.899 25.803 25.446 25.805 25.332 25.464 24.970 25.139 25.208 25.237 24.872 25.053 24.771 24.517 24.906 24.553 24.657 24.620 24.789
empty-object, 10032, 2020-10-21T15:36:06+0200, 2238082, 2020-10-21T16:53:15+0200, 2772.482 220.846 133.069 100.158 85.053 73.982 66.312 62.198 60.683 60.187 58.090 58.056 54.867 52.850 51.663 49.545 49.409 47.870 47.811 46.036 45.687 44.384 45.503 43.560 44.517 44.313 44.119 42.679 44.134 42.946 , 42.279 42.980 42.274 42.848 41.896 42.613 41.335 41.720 40.910 41.520 41.516 40.725 41.055 40.712 41.219 40.925 41.097 40.894 40.308 41.331
empty-file, 10032, 2020-10-21T15:36:06+0200, 2238082, 2020-10-21T16:54:27+0200, 1678.584 38.671 17.402 13.314 12.244 12.231 11.602 10.901 10.602 10.618 9.848 9.498 9.234 8.984 8.691 8.630 8.483 8.370 8.337 8.360 8.351 8.255 8.139 8.135 8.024 8.022 7.999 7.996 7.879 7.826 , 7.823 7.903 7.794 7.791 7.760 7.884 7.741 7.750 7.808 7.797 7.776 7.743 7.743 7.843 7.856 7.737 7.987 7.807 7.710 7.694
dotty, 10032, 2020-10-21T18:57:22+0200, 2238082, 2020-10-21T19:37:10+0200, 83763.150 47953.344 41821.597 40922.326 39288.278 39093.607 39208.021 38240.610 38334.143 39075.293 38127.758 37930.211 38744.445 38056.611 38039.421 38810.749 37846.609 37987.895 38817.117 37729.327 37817.216 38741.131 37800.774 37939.759 38610.297 37958.706 37691.822 38719.521 37732.601 37737.161 , 38544.104 37762.012 37913.443 38750.299 37800.138 37819.414 38729.888 37816.962 37853.463 38681.759 37954.720 37908.441 38708.808 37866.973 37849.143 38694.183 37927.391 37635.221 38847.840 37914.637
re2s, 10032, 2020-10-21T18:57:22+0200, 2238082, 2020-10-21T19:39:41+0200, 14416.374 5476.709 4681.381 3380.691 2984.364 2873.530 2691.766 2589.055 2564.870 2469.807 2438.568 2396.630 2384.126 2300.253 2242.963 2229.901 2224.647 2188.174 2223.662 2175.914 2178.558 2145.534 2162.446 2107.316 2111.452 2107.577 2131.702 2089.645 2072.600 2055.091 , 2060.822 2070.589 2043.741 2039.585 2065.555 2044.257 2056.231 2047.977 2045.501 2024.220 2037.575 2040.384 2064.072 2033.423 2034.665 2035.747 2022.356 2008.454 2014.599 2035.642
scalap, 10032, 2020-10-21T18:57:22+0200, 2238082, 2020-10-21T19:42:01+0200, 14284.189 5233.809 4112.435 3394.363 3107.217 2879.113 2867.513 2569.784 2447.954 2324.081 2247.869 2214.692 2207.192 2069.795 2041.264 2059.462 1989.391 2018.537 1954.887 1923.793 1887.015 1850.409 1832.469 1884.314 1853.020 1831.527 1778.129 1791.497 1795.545 1772.863 , 1751.433 1761.025 1755.239 1719.658 1738.751 1704.114 1730.352 1683.603 1761.687 1691.246 1656.852 1672.619 1664.527 1658.666 1668.247 1650.671 1635.700 1657.972 1627.352 1653.420
stdlib213, 10032, 2020-10-21T18:57:22+0200, 2238082, 2020-10-21T20:03:01+0200, 52443.961 27507.306 21950.595 20298.614 21084.992 19044.776 18918.741 18879.162 20021.059 18608.572 18486.566 18467.306 18464.017 19676.714 18411.797 18408.613 18333.100 18582.805 18392.723 18313.962 18346.026 18199.223 19447.047 18309.698 18176.563 18290.000 18431.142 18251.581 18211.565 18255.458 , 18232.899 18391.422 18194.456 18230.458 18108.307 18178.307 18377.524 18055.639 18276.274 18190.772 19515.292 18124.631 18232.655 18121.918 18136.939 19378.770 18184.551 18240.582 18172.154 19526.950
power-macro-power-inlined-1, 10032, 2020-10-21T18:57:22+0200, 2238082, 2020-10-21T20:04:44+0200, 3186.104 292.738 189.737 144.659 127.245 107.397 99.562 98.181 91.046 90.510 85.214 87.148 96.926 79.698 77.943 76.823 74.702 74.654 70.074 69.788 68.506 66.722 68.121 64.612 66.327 64.278 64.398 63.024 63.243 63.185 , 65.538 62.293 62.233 62.284 61.595 61.328 61.436 60.271 62.192 59.473 60.490 59.498 60.440 59.175 59.858 59.414 60.471 59.024 59.896 58.873
power-macro-power-inlined-1k, 10032, 2020-10-21T18:57:22+0200, 2238082, 2020-10-21T20:06:32+0200, 4993.266 1206.634 813.613 660.788 576.573 512.446 416.805 365.959 336.633 290.244 254.429 240.833 251.155 297.422 231.865 217.269 217.153 204.975 205.080 198.156 197.349 191.485 191.143 188.415 188.679 185.316 188.642 184.996 187.306 185.666 , 183.023 184.338 185.182 179.057 183.972 181.561 180.914 177.321 181.463 178.388 181.388 177.790 180.868 177.526 177.974 176.243 179.757 176.390 178.139 174.266
quote-string-interpolation-matching, 10032, 2020-10-21T18:57:22+0200, 2238082, 2020-10-21T20:08:23+0200, 5191.674 1400.978 1064.524 933.151 743.133 622.374 617.254 600.125 598.899 586.380 589.584 594.374 586.210 588.177 582.327 582.765 577.179 575.952 575.445 573.237 580.962 575.122 575.212 583.129 574.740 576.639 562.945 574.571 564.843 566.486 , 569.287 561.960 566.636 563.394 558.668 570.527 563.587 565.989 569.752 561.858 563.876 557.196 555.575 553.222 560.883 553.495 552.752 555.236 552.401 557.028
i1535, 10032, 2020-10-21T18:57:22+0200, 2238082, 2020-10-21T20:09:41+0200, 4027.756 680.860 456.740 355.171 305.788 270.341 219.995 188.258 173.900 168.942 159.971 155.934 161.162 155.712 155.571 150.120 146.584 143.259 147.637 134.600 137.248 131.822 132.402 131.002 124.275 122.502 128.911 122.537 123.680 120.415 , 118.034 122.257 116.311 119.770 113.268 115.267 114.776 112.121 114.980 110.383 115.089 110.391 112.779 110.963 108.599 112.006 107.064 109.473 108.015 110.216
i1687, 10032, 2020-10-21T18:57:22+0200, 2238082, 2020-10-21T20:10:57+0200, 3268.828 394.395 283.465 222.221 194.121 159.796 123.767 114.430 109.775 104.059 102.368 96.377 93.961 87.533 84.398 85.643 84.852 84.661 82.629 82.646 82.048 81.835 80.690 80.735 79.076 79.577 80.039 77.483 78.394 77.083 , 80.188 76.594 77.355 76.501 77.108 75.660 75.320 73.650 74.464 73.196 73.843 72.326 73.244 72.168 74.378 71.575 72.559 71.924 73.565 71.799
empty-class, 10032, 2020-10-21T18:57:22+0200, 2238082, 2020-10-21T20:12:11+0200, 2539.143 117.504 72.867 56.110 47.853 42.750 40.492 38.847 36.961 35.504 34.259 33.497 32.765 32.573 30.116 29.980 30.069 29.611 27.935 28.406 26.944 27.351 26.787 27.729 26.458 26.674 26.445 26.291 26.223 26.129 , 25.633 25.667 25.488 25.083 25.418 24.919 25.139 24.808 24.986 24.992 25.134 25.079 24.884 24.870 24.576 24.835 24.658 24.770 24.461 24.591
empty-object, 10032, 2020-10-21T18:57:22+0200, 2238082, 2020-10-21T20:13:26+0200, 2767.424 216.330 137.772 102.600 90.055 79.306 71.540 67.545 61.816 60.135 55.727 53.614 52.157 52.172 49.585 48.226 49.294 50.129 47.149 45.831 45.367 44.930 45.163 43.800 44.585 43.096 44.057 43.167 43.088 42.922 , 41.923 42.740 43.182 42.782 41.873 42.551 42.027 41.616 41.651 41.078 41.258 40.774 41.177 40.814 41.180 40.402 40.771 40.816 40.043 40.831
empty-file, 10032, 2020-10-21T18:57:22+0200, 2238082, 2020-10-21T20:14:38+0200, 1673.479 37.377 17.157 13.131 12.038 12.223 11.298 10.841 10.279 10.165 9.445 9.196 9.046 8.872 8.590 8.625 8.473 8.406 8.527 8.450 8.373 8.290 8.150 8.084 8.104 8.069 8.031 8.071 7.823 7.818 , 7.802 7.911 7.804 7.773 7.761 7.798 7.749 7.760 7.781 7.855 7.739 7.778 7.706 7.939 7.931 7.792 8.037 7.836 7.751 7.723
dotty, 10032, 2020-10-23T18:13:48+0200, 1efb9e0, 2020-10-23T18:56:14+0200, 88441.996 50040.816 44693.789 44442.528 42137.747 41980.302 43093.806 41745.595 41498.703 42717.833 41325.409 41421.504 42224.479 41323.670 41294.530 42154.536 41277.154 41160.563 42102.142 40952.836 41195.652 42063.119 41092.622 41164.156 42161.462 41053.429 41080.392 42156.656 40935.133 41138.522 , 42143.185 41095.053 40886.021 42175.614 40877.640 41002.262 41817.188 40856.719 40986.943 41881.317 41060.732 40956.201 41962.305 40865.953 41246.876 42018.810 41142.015 41043.553 41977.628 40893.836
re2s, 10032, 2020-10-23T18:13:48+0200, 1efb9e0, 2020-10-23T18:58:44+0200, 13855.986 5475.253 4612.037 3714.986 3435.977 2914.474 2796.747 2681.166 2580.503 2431.133 2436.332 2346.136 2304.562 2239.442 2236.051 2193.560 2169.870 2162.950 2161.694 2146.363 2159.481 2113.640 2148.465 2095.266 2100.292 2085.450 2086.230 2057.067 2063.908 2039.732 , 2068.537 2063.212 2059.810 2044.872 2029.829 2040.092 2029.848 2030.829 2021.597 2032.678 2018.333 2030.677 2017.817 2023.935 2004.560 2012.035 2002.294 2010.953 2019.147 2009.899
scalap, 10032, 2020-10-23T18:13:48+0200, 1efb9e0, 2020-10-23T19:01:05+0200, 13719.992 5013.779 4168.841 3430.619 3139.108 2907.984 2713.583 2561.614 2482.652 2405.049 2315.181 2245.162 2136.315 2097.325 2076.406 2001.743 1985.285 1966.615 1956.842 1930.905 1933.607 1911.035 1921.539 1880.260 1897.961 1861.044 1825.882 1824.543 1801.337 1800.026 , 1799.239 1786.106 1774.429 1741.392 1758.445 1742.230 1741.902 1701.493 1728.696 1705.128 1699.072 1707.260 1697.685 1692.529 1710.040 1679.289 1678.511 1670.119 1672.657 1675.375
stdlib213, 10032, 2020-10-23T18:13:48+0200, 1efb9e0, 2020-10-23T19:23:18+0200, 53000.100 28714.234 24014.141 21948.353 21098.286 20583.802 20590.766 20051.693 20041.352 20039.256 19898.928 20914.812 19727.683 19680.030 19803.651 19719.324 20837.049 19676.973 19576.909 19649.464 19657.606 20772.156 19682.271 19641.089 19679.209 19624.396 20722.521 19494.014 19554.067 19614.130 , 19605.300 20700.986 19511.122 19563.046 19598.089 19616.550 19520.476 20566.821 19486.297 19558.658 19568.740 20631.525 19555.160 19474.475 19524.546 19537.956 20688.578 19536.908 19557.241 19591.696
power-macro-power-inlined-1, 10032, 2020-10-23T18:13:48+0200, 1efb9e0, 2020-10-23T19:25:00+0200, 3107.714 295.227 201.010 151.504 121.587 109.565 100.747 94.697 87.525 89.012 88.574 89.351 89.476 86.942 86.837 83.977 82.601 84.252 76.785 91.488 75.003 73.599 75.482 73.073 71.516 70.293 69.068 68.610 68.655 67.732 , 68.124 67.483 68.307 65.902 67.003 67.450 66.090 65.858 66.749 65.390 67.294 64.086 64.658 64.262 64.254 64.423 63.875 63.957 64.194 64.185
power-macro-power-inlined-1k, 10032, 2020-10-23T18:13:48+0200, 1efb9e0, 2020-10-23T19:26:47+0200, 4815.102 1094.635 740.199 614.037 516.563 451.994 386.791 363.428 334.253 301.723 301.030 296.002 277.610 272.972 255.921 241.532 233.646 221.260 220.534 216.846 213.886 238.292 208.546 206.007 206.117 205.734 205.170 204.234 202.359 201.433 , 200.045 202.035 199.818 201.101 198.037 198.418 201.368 197.842 198.521 197.015 195.175 196.025 197.216 195.067 196.387 195.121 194.938 194.411 194.508 194.074
quote-string-interpolation-matching, 10032, 2020-10-23T18:13:48+0200, 1efb9e0, 2020-10-23T19:28:38+0200, 5237.566 1356.212 922.517 814.451 647.194 628.565 613.487 605.757 609.058 598.253 600.598 591.730 584.697 586.504 576.449 583.082 580.513 583.094 581.792 589.438 576.063 577.810 582.112 571.672 582.742 566.189 576.739 570.753 572.242 569.781 , 565.044 568.464 566.369 570.424 558.450 560.598 557.777 563.464 563.168 564.140 563.127 554.449 561.246 558.114 557.574 558.199 563.195 558.704 562.323 558.722
i1535, 10032, 2020-10-23T18:13:48+0200, 1efb9e0, 2020-10-23T19:29:56+0200, 3847.738 687.978 459.807 353.179 307.479 258.452 227.604 200.197 178.168 168.456 155.778 159.901 161.984 166.740 160.264 162.767 156.780 156.411 151.147 154.477 144.531 145.798 139.127 138.596 134.956 135.815 132.108 134.354 129.540 132.214 , 127.481 132.285 125.383 125.323 125.942 121.975 121.487 118.969 120.991 119.723 118.744 118.923 117.412 117.857 117.543 115.466 115.693 115.149 115.045 115.889
i1687, 10032, 2020-10-23T18:13:48+0200, 1efb9e0, 2020-10-23T19:31:11+0200, 3193.327 411.349 281.994 217.180 187.356 158.062 135.418 120.150 114.078 112.144 106.909 104.181 103.523 100.971 101.073 97.641 98.055 95.438 90.304 91.222 89.834 89.536 89.915 87.535 86.371 87.363 86.234 86.458 86.979 84.647 , 84.037 83.483 83.989 82.874 83.573 82.881 82.221 82.288 81.472 81.430 81.021 80.202 81.871 80.693 79.863 80.513 79.779 82.331 78.731 79.652
empty-class, 10032, 2020-10-23T18:13:48+0200, 1efb9e0, 2020-10-23T19:32:25+0200, 2448.508 120.580 69.159 54.297 45.625 42.761 40.459 39.053 37.640 37.131 35.322 33.857 33.021 31.952 31.016 30.316 30.634 30.119 28.868 29.582 28.849 28.260 28.173 27.543 27.491 27.149 27.320 27.073 26.781 26.582 , 26.789 26.698 26.428 26.424 26.151 26.320 26.217 26.027 25.899 25.955 26.261 25.562 25.572 25.618 25.439 25.387 25.560 25.322 25.410 25.545
empty-object, 10032, 2020-10-23T18:13:48+0200, 1efb9e0, 2020-10-23T19:33:39+0200, 2729.690 217.526 139.146 105.812 87.070 81.983 74.858 69.651 65.954 60.530 61.861 58.025 56.438 56.895 55.442 55.232 54.013 52.377 51.421 50.758 51.016 50.397 49.385 48.004 47.148 47.776 47.197 46.404 46.012 45.837 , 46.820 45.928 45.817 45.373 44.933 45.583 45.352 45.263 45.192 45.170 44.242 44.615 44.377 44.224 44.110 44.265 44.279 44.018 44.277 43.843
empty-file, 10032, 2020-10-23T18:13:48+0200, 1efb9e0, 2020-10-23T19:34:51+0200, 1664.290 38.488 18.464 13.949 12.526 12.496 12.099 11.630 11.226 10.651 10.165 9.887 9.596 9.411 9.227 9.112 9.041 8.814 8.879 8.942 8.833 8.776 8.769 8.584 8.600 8.526 8.403 8.401 8.401 8.346 , 8.251 8.250 8.254 8.271 8.237 8.230 8.273 8.296 8.270 8.215 8.263 8.372 8.509 8.430 8.447 8.375 8.419 8.360 8.607 8.349
dotty, 10032, 2020-10-23T19:58:04+0200, af5c42c, 2020-10-23T20:40:27+0200, 86937.369 50751.210 44258.224 43885.620 42277.933 41684.240 42355.520 41437.680 41543.726 42173.403 41336.349 41199.821 42278.081 41265.601 41245.095 41990.640 41206.148 41058.428 41863.693 40926.633 41101.867 42247.629 41082.957 41034.235 42076.301 41034.724 41048.173 41956.605 40937.416 41092.885 , 41892.718 40839.142 40959.774 41684.321 40909.611 41013.640 41869.011 40905.915 40849.395 41946.215 41088.607 40892.219 41787.192 40821.727 40875.615 41852.639 41152.248 40938.969 41927.228 40745.218
re2s, 10032, 2020-10-23T19:58:04+0200, af5c42c, 2020-10-23T20:43:00+0200, 13963.779 5738.739 4349.640 3734.700 3191.840 3173.495 2820.108 2741.385 2600.010 2566.686 2475.306 2495.077 2413.754 2328.758 2329.035 2299.047 2320.105 2288.662 2236.259 2264.514 2197.177 2217.512 2241.954 2154.774 2178.683 2158.102 2163.995 2141.769 2173.826 2149.232 , 2140.890 2135.783 2131.294 2144.232 2126.841 2125.286 2120.799 2104.678 2105.279 2115.403 2100.134 2105.410 2106.428 2093.592 2108.173 2129.685 2118.950 2101.670 2103.383 2105.935
scalap, 10032, 2020-10-23T19:58:04+0200, af5c42c, 2020-10-23T20:45:21+0200, 13920.433 5151.197 4083.444 3551.696 3082.701 3049.014 2759.167 2469.623 2362.537 2360.599 2341.082 2338.069 2203.765 2188.099 2106.948 2056.889 2074.145 2005.172 1994.866 1915.949 1934.867 1896.928 1926.150 1893.412 1855.631 1868.756 1830.207 1829.736 1786.957 1788.540 , 1784.705 1761.786 1788.011 1734.329 1764.118 1745.432 1749.487 1698.929 1738.454 1752.896 1683.592 1704.314 1694.334 1696.794 1682.785 1677.243 1672.871 1657.998 1653.422 1675.232
stdlib213, 10032, 2020-10-23T19:58:04+0200, af5c42c, 2020-10-23T21:07:06+0200, 51934.649 27471.085 22961.946 21531.230 20825.035 21407.273 19842.763 19683.598 19562.261 19581.753 20576.415 19390.882 19282.601 19355.958 19367.673 20342.812 19165.550 19264.886 19195.363 19331.450 20241.645 19099.375 19081.902 19277.278 19210.180 20178.527 19167.144 19075.517 19110.133 19136.241 , 20201.390 19205.094 19143.270 19185.066 19134.695 20231.029 19031.006 19084.656 19178.886 19154.217 20140.970 19007.410 19081.789 19082.574 19076.235 20224.504 19081.560 19137.718 19243.477 19000.432
power-macro-power-inlined-1, 10032, 2020-10-23T19:58:04+0200, af5c42c, 2020-10-23T21:08:47+0200, 3128.134 298.614 203.974 150.748 131.702 114.834 108.342 104.578 98.918 93.085 94.137 89.382 87.810 86.558 85.745 83.990 80.987 80.714 79.129 93.398 76.636 75.533 74.719 74.941 73.450 71.479 71.946 71.738 70.504 69.642 , 70.741 69.897 69.261 70.502 69.010 68.544 68.438 68.422 66.971 67.408 68.229 68.385 66.750 67.118 66.367 66.319 67.570 65.880 66.253 66.804
power-macro-power-inlined-1k, 10032, 2020-10-23T19:58:04+0200, af5c42c, 2020-10-23T21:10:36+0200, 4829.922 1093.069 711.301 570.765 500.563 435.674 357.743 314.450 295.666 291.267 273.891 263.865 255.863 249.189 235.806 226.000 217.981 216.149 210.334 206.337 234.945 199.314 200.431 198.092 197.695 197.708 196.832 194.166 193.814 197.022 , 198.208 194.757 191.969 191.696 192.538 194.802 189.724 185.777 189.311 188.495 189.400 188.382 190.180 188.050 186.640 186.150 186.148 186.210 186.540 184.952
quote-string-interpolation-matching, 10032, 2020-10-23T19:58:04+0200, af5c42c, 2020-10-23T21:12:27+0200, 5213.983 1291.259 932.115 794.137 687.757 627.078 615.037 615.715 600.508 598.782 592.936 583.210 586.440 586.997 580.731 584.738 583.623 575.580 583.693 576.956 579.895 580.684 578.670 577.201 581.195 570.905 574.684 574.416 577.312 573.685 , 567.457 570.320 571.369 566.905 566.399 561.237 572.629 574.026 567.499 566.464 568.180 567.580 568.283 570.598 571.247 569.674 559.563 562.440 560.338 565.428
i1535, 10032, 2020-10-23T19:58:04+0200, af5c42c, 2020-10-23T21:13:45+0200, 3872.053 685.908 471.949 372.186 307.939 273.172 226.378 196.827 183.046 171.281 159.002 160.430 163.634 157.207 157.187 154.210 155.042 151.674 152.704 146.434 146.467 144.361 142.204 139.836 134.454 133.484 134.275 133.874 132.252 132.177 , 130.899 128.566 129.217 125.491 126.224 123.813 123.539 122.573 122.044 120.661 121.211 121.403 120.631 118.011 119.206 119.437 117.315 118.319 116.910 117.743
i1687, 10032, 2020-10-23T19:58:04+0200, af5c42c, 2020-10-23T21:15:01+0200, 3207.546 406.971 294.113 228.424 201.969 176.212 143.358 131.145 121.531 114.787 108.013 104.989 102.954 98.596 97.623 96.019 95.730 95.513 93.851 94.218 92.280 91.217 91.061 90.425 90.158 89.262 88.154 89.597 88.672 87.399 , 87.770 87.577 86.312 86.302 84.338 86.011 85.184 84.029 84.891 83.547 84.179 83.844 84.047 83.707 82.429 83.283 82.888 82.167 84.057 83.152
empty-class, 10032, 2020-10-23T19:58:04+0200, af5c42c, 2020-10-23T21:16:14+0200, 2469.774 129.185 75.478 56.333 49.683 44.567 41.823 40.749 39.378 39.112 38.158 36.517 36.361 35.333 34.263 33.167 32.842 32.038 32.036 31.587 31.172 30.471 29.847 29.683 29.696 29.385 29.128 28.922 28.921 28.704 , 28.292 28.549 28.345 28.174 28.116 28.258 28.154 28.036 27.818 27.712 27.492 27.593 27.796 27.497 27.245 27.579 27.171 27.183 27.106 27.445
empty-object, 10032, 2020-10-23T19:58:04+0200, af5c42c, 2020-10-23T21:17:28+0200, 2692.791 223.755 144.319 108.927 95.787 85.789 78.183 72.870 67.876 66.432 64.389 61.461 57.938 57.114 55.574 56.423 54.068 53.575 53.320 51.068 50.776 50.946 49.711 49.686 49.138 49.138 49.501 48.556 48.881 48.438 , 48.575 47.811 47.890 47.806 47.473 47.676 47.753 47.436 47.422 46.854 46.850 46.668 46.918 46.089 47.000 46.070 46.236 46.000 46.092 46.163
empty-file, 10032, 2020-10-23T19:58:04+0200, af5c42c, 2020-10-23T21:18:40+0200, 1660.325 36.382 19.000 15.000 13.048 12.754 12.180 11.620 11.399 10.877 10.674 10.273 9.949 9.860 9.718 9.445 9.536 9.388 9.324 9.316 9.240 9.243 9.089 9.150 9.067 9.001 9.050 8.920 8.931 8.846 , 8.766 8.736 8.758 8.741 8.883 8.716 8.755 8.740 8.759 8.735 8.745 8.728 8.751 8.754 8.780 8.720 8.690 8.742 8.892 8.708
dotty, 10032, 2020-10-23T22:38:53+0200, f12aaab, 2020-10-23T23:21:20+0200, 89435.694 50502.636 44281.804 43776.309 41949.674 42077.903 42544.202 41342.452 41391.692 42321.187 41288.453 41273.459 42116.382 41273.631 41223.763 42076.575 41065.592 40966.495 41828.077 40947.965 40893.729 41908.579 40827.369 41092.883 42113.482 41153.883 40810.275 41749.167 40965.042 40950.880 , 41961.562 40982.942 40939.265 41943.737 41034.253 40906.308 41882.627 40756.107 40843.934 41708.018 40936.640 40940.501 41779.187 40992.009 40786.125 41774.892 40937.292 40805.524 41726.150 40963.283
re2s, 10032, 2020-10-23T22:38:53+0200, f12aaab, 2020-10-23T23:23:53+0200, 13645.213 5548.348 4634.527 3784.005 3271.902 2903.077 2881.428 2755.519 2625.895 2553.785 2463.266 2442.948 2391.232 2330.014 2319.292 2272.255 2276.639 2231.648 2286.094 2235.633 2209.890 2225.119 2203.340 2199.659 2204.973 2159.049 2173.678 2143.389 2123.854 2136.724 , 2148.756 2132.366 2122.461 2116.656 2137.564 2115.328 2146.494 2127.637 2131.629 2127.994 2116.868 2115.335 2125.740 2126.249 2113.201 2115.102 2112.852 2104.446 2118.122 2100.789
scalap, 10032, 2020-10-23T22:38:53+0200, f12aaab, 2020-10-23T23:26:13+0200, 13780.040 4959.420 3866.297 3295.391 3105.542 2934.255 2653.821 2680.907 2493.350 2390.098 2218.523 2198.267 2124.426 2094.135 2084.316 2040.027 2008.081 1988.360 1969.042 1907.059 1909.584 1898.730 1915.555 1860.398 1827.259 1831.380 1801.085 1788.979 1777.146 1786.802 , 1781.964 1724.791 1760.180 1718.091 1740.384 1702.915 1734.764 1683.445 1706.190 1716.093 1681.190 1672.457 1681.354 1660.512 1676.347 1649.658 1651.382 1663.007 1661.912 1665.064
stdlib213, 10032, 2020-10-23T22:38:53+0200, f12aaab, 2020-10-23T23:48:28+0200, 53181.736 28451.703 24104.378 21650.552 21029.134 21908.903 20179.550 20136.532 20145.666 20094.197 19864.479 20954.913 19902.397 19901.534 19833.863 20960.805 19635.834 19794.808 19793.041 19782.383 20860.722 19721.696 19691.990 19785.913 19697.443 20754.327 19662.827 19631.870 19557.730 19628.661 , 20659.175 19659.540 19651.032 19698.710 19547.763 20688.104 19554.444 19567.925 19689.712 19651.029 19539.524 20670.615 19617.486 19632.440 19617.211 20785.749 19600.803 19631.503 19633.696 19657.273
power-macro-power-inlined-1, 10032, 2020-10-23T22:38:53+0200, f12aaab, 2020-10-23T23:50:09+0200, 3111.463 299.536 194.111 151.245 128.171 114.802 102.074 99.250 93.030 91.770 90.944 91.690 93.155 90.816 88.466 85.433 83.861 81.894 78.699 89.694 77.500 76.027 75.406 73.395 75.229 72.960 72.604 71.487 71.958 70.683 , 70.997 70.955 70.787 70.104 69.730 70.002 68.848 68.238 68.197 67.719 67.410 69.941 67.541 67.426 67.852 66.895 67.531 67.370 66.294 66.634
power-macro-power-inlined-1k, 10032, 2020-10-23T22:38:53+0200, f12aaab, 2020-10-23T23:51:58+0200, 4841.261 1150.311 837.786 676.958 562.791 477.131 386.205 339.065 300.912 277.208 269.438 266.916 258.198 251.781 243.881 231.611 229.862 225.549 218.039 206.047 239.022 204.476 202.917 201.786 199.397 198.820 195.940 195.365 194.867 192.490 , 196.463 200.599 195.426 192.574 190.785 193.893 193.068 189.915 193.253 187.892 190.775 196.360 190.143 191.202 189.086 187.530 189.317 188.647 189.177 187.353
quote-string-interpolation-matching, 10032, 2020-10-23T22:38:53+0200, f12aaab, 2020-10-23T23:53:49+0200, 5111.520 1339.397 938.386 862.439 697.063 624.405 608.838 607.961 592.702 596.502 593.874 582.047 592.405 589.069 579.283 585.670 581.429 581.558 587.906 581.084 590.892 582.026 577.886 576.568 581.435 571.580 577.848 574.538 574.185 570.642 , 568.600 573.609 571.932 566.965 564.288 559.935 564.835 564.162 560.267 562.728 558.992 566.540 564.430 565.324 567.121 566.337 562.711 564.076 563.093 562.071
i1535, 10032, 2020-10-23T22:38:53+0200, f12aaab, 2020-10-23T23:55:07+0200, 3844.864 686.643 520.482 393.448 334.994 296.521 252.492 218.819 193.432 176.572 168.545 163.070 156.555 158.035 160.280 163.805 166.263 157.670 158.542 154.705 150.723 143.969 145.149 144.040 140.161 139.196 136.963 135.718 136.980 132.660 , 131.645 132.631 129.813 130.267 127.507 126.915 124.265 123.714 123.667 125.358 121.901 122.833 121.004 120.811 118.050 118.922 118.912 117.162 118.597 117.239
i1687, 10032, 2020-10-23T22:38:53+0200, f12aaab, 2020-10-23T23:56:23+0200, 3223.395 403.170 283.873 216.890 193.638 162.723 133.000 122.954 116.205 108.241 108.453 106.805 102.320 98.694 96.745 93.704 93.476 92.386 95.381 90.496 90.938 88.942 88.207 87.906 87.511 88.165 87.696 89.123 86.619 86.119 , 86.158 84.619 84.909 83.760 84.314 83.868 83.680 83.138 82.094 81.898 82.248 81.741 81.505 80.615 81.029 80.659 80.392 82.636 79.499 79.430
empty-class, 10032, 2020-10-23T22:38:53+0200, f12aaab, 2020-10-23T23:57:36+0200, 2461.543 126.342 77.165 59.685 52.354 47.325 44.628 41.479 39.347 38.578 37.489 36.541 34.639 34.189 33.146 32.514 31.981 32.549 31.457 31.120 30.935 29.970 29.426 29.296 29.249 29.369 29.148 28.920 28.917 28.615 , 28.502 28.459 28.367 28.222 28.112 28.054 27.959 28.077 27.987 27.797 27.804 27.820 28.110 27.889 27.672 27.506 27.143 27.464 27.211 27.424
empty-object, 10032, 2020-10-23T22:38:53+0200, f12aaab, 2020-10-23T23:58:51+0200, 2697.143 216.315 138.605 103.668 89.142 81.109 73.799 69.589 64.791 63.782 62.264 60.625 59.082 58.286 56.466 55.878 55.152 53.887 53.535 52.674 52.925 52.016 51.030 50.825 50.678 49.360 49.655 48.769 48.646 48.213 , 49.121 48.168 48.030 48.228 47.509 47.810 47.289 47.706 47.414 47.033 47.169 47.126 47.646 46.720 47.147 46.897 46.732 46.356 46.953 46.175
empty-file, 10032, 2020-10-23T22:38:53+0200, f12aaab, 2020-10-24T00:00:03+0200, 1682.364 41.892 19.921 14.878 13.237 13.134 12.476 12.201 12.103 11.386 10.903 10.517 10.439 10.008 9.877 9.621 9.563 9.570 9.374 9.379 9.388 9.319 9.261 9.279 9.211 9.051 9.065 9.067 8.988 8.926 , 8.987 8.809 8.806 8.833 8.858 8.810 8.773 8.775 8.767 8.756 8.760 8.768 8.771 8.747 8.998 8.786 8.732 8.721 8.822 8.750
dotty, 10032, 2020-10-24T11:40:04+0200, 3ea92e2, 2020-10-24T12:21:30+0200, 87605.013 49826.763 43250.752 42709.621 40761.452 40837.547 41433.476 40439.286 40332.690 41144.108 40289.737 40098.763 41017.179 39953.335 40008.023 40829.848 40009.879 39898.623 40783.114 39826.353 39895.346 40779.216 39727.246 39925.106 40802.086 39869.212 39973.793 40918.564 39762.151 39757.082 , 40592.364 39869.067 39885.359 40656.767 39705.216 39722.962 40802.322 39885.647 39911.889 40844.792 39783.969 39719.066 40774.981 39898.198 39716.778 40606.625 39683.931 39735.007 40804.260 39732.778
re2s, 10032, 2020-10-24T11:40:04+0200, 3ea92e2, 2020-10-24T12:24:00+0200, 13410.499 5647.140 4154.963 3646.449 3166.556 2827.618 2786.173 2695.021 2536.312 2514.472 2475.290 2469.885 2419.439 2342.864 2327.957 2287.342 2259.715 2298.614 2217.526 2250.772 2167.202 2174.816 2169.447 2197.605 2164.321 2129.354 2132.233 2097.804 2089.811 2109.166 , 2087.014 2118.657 2079.935 2055.900 2088.915 2069.472 2068.396 2069.191 2051.032 2045.302 2073.308 2067.015 2060.187 2044.962 2034.337 2029.914 2032.988 2042.250 2071.401 2048.776
scalap, 10032, 2020-10-24T11:40:04+0200, 3ea92e2, 2020-10-24T12:26:19+0200, 13289.803 4852.864 3874.484 3450.528 2995.130 2840.295 2749.644 2540.610 2447.519 2325.472 2309.617 2250.077 2190.128 2077.230 2100.833 2017.675 1977.672 1952.536 1942.969 1907.855 1911.374 1855.511 1834.246 1841.291 1876.898 1819.911 1786.654 1782.731 1735.197 1756.726 , 1729.530 1747.394 1732.708 1724.603 1738.359 1703.931 1705.798 1660.768 1698.778 1680.168 1654.067 1669.721 1648.300 1651.465 1705.441 1627.556 1638.609 1632.474 1625.232 1637.334
stdlib213, 10032, 2020-10-24T11:40:04+0200, 3ea92e2, 2020-10-24T12:48:02+0200, 51707.079 28147.130 23192.025 21113.987 20486.986 21348.392 19768.583 19698.607 19620.200 19625.035 20558.722 19456.010 19379.109 19423.303 19291.110 20402.143 19217.485 19232.391 19264.446 19282.369 19196.851 20288.145 19133.894 19243.037 19154.750 20229.641 19155.525 19154.652 19240.682 19082.168 , 20189.278 19128.610 19115.710 19152.539 19196.741 20256.611 19197.735 19023.347 19147.782 19086.550 20204.060 19157.590 18984.003 19185.226 19159.795 20189.677 19107.071 19043.588 19051.808 19098.431
power-macro-power-inlined-1, 10032, 2020-10-24T11:40:04+0200, 3ea92e2, 2020-10-24T12:49:43+0200, 3054.143 295.013 186.263 143.327 121.140 105.704 101.537 98.955 98.258 93.145 94.743 92.388 88.227 87.175 85.894 83.556 80.154 79.212 76.994 89.451 73.931 74.180 72.246 73.604 72.563 72.176 70.751 69.834 70.234 69.586 , 68.863 69.592 69.061 68.968 68.702 68.297 67.561 67.278 67.333 66.925 65.994 68.827 65.656 66.045 65.990 66.127 66.308 65.506 65.583 65.658
power-macro-power-inlined-1k, 10032, 2020-10-24T11:40:04+0200, 3ea92e2, 2020-10-24T12:51:31+0200, 4798.385 1089.743 767.761 645.015 546.511 522.165 417.285 364.746 325.465 289.021 273.068 277.252 273.426 260.622 240.189 228.111 218.143 213.207 209.781 209.175 205.117 237.734 202.936 201.503 201.199 198.804 198.309 195.884 194.804 192.822 , 195.511 192.654 194.651 193.110 192.183 192.222 195.338 190.950 190.114 189.296 189.849 189.263 188.447 190.352 188.446 185.663 189.005 188.905 188.209 187.340
quote-string-interpolation-matching, 10032, 2020-10-24T11:40:04+0200, 3ea92e2, 2020-10-24T12:53:22+0200, 5286.458 1275.977 914.935 813.459 684.394 635.663 620.474 622.723 609.663 608.137 616.870 598.459 601.485 594.265 591.090 594.576 590.274 587.598 596.303 583.609 589.575 588.925 590.354 587.441 586.557 572.867 585.122 576.536 575.126 582.977 , 576.657 579.787 580.636 574.970 572.081 574.006 573.005 573.908 578.716 576.210 569.066 574.087 574.756 576.127 574.855 574.868 570.362 571.046 564.671 566.894
i1535, 10032, 2020-10-24T11:40:04+0200, 3ea92e2, 2020-10-24T12:54:41+0200, 3839.391 677.958 514.278 403.053 323.643 289.089 257.066 236.258 208.921 183.124 178.757 170.821 154.749 155.082 159.855 162.879 159.733 165.384 161.082 159.151 156.921 148.284 145.911 147.684 142.649 140.449 137.245 136.333 136.782 130.837 , 131.551 132.161 129.754 130.318 128.010 127.808 127.037 125.561 124.223 125.640 123.433 121.448 120.899 121.231 120.233 119.608 120.127 118.174 118.388 117.431
i1687, 10032, 2020-10-24T11:40:04+0200, 3ea92e2, 2020-10-24T12:55:56+0200, 3197.057 405.725 291.530 228.605 203.181 175.375 147.984 132.864 123.412 114.856 111.650 107.031 102.799 100.650 97.320 94.168 94.670 92.077 92.493 94.345 91.873 90.879 90.699 90.028 88.841 88.907 88.393 89.079 88.376 86.604 , 87.715 86.551 85.231 85.519 84.033 85.613 85.260 83.499 85.269 83.176 83.435 83.054 82.235 83.050 82.988 82.173 82.188 81.749 83.829 81.649
empty-class, 10032, 2020-10-24T11:40:04+0200, 3ea92e2, 2020-10-24T12:57:10+0200, 2460.039 126.425 74.097 57.380 49.816 45.187 42.548 39.264 38.954 37.260 36.772 36.094 35.804 34.278 33.759 31.982 31.612 31.633 30.773 30.532 30.467 29.302 30.502 29.172 29.063 29.088 28.501 28.772 28.263 28.281 , 27.944 28.403 27.852 27.742 27.749 27.605 27.443 27.497 27.354 27.240 27.116 27.422 27.321 27.251 27.059 27.146 26.710 26.867 26.879 26.844
empty-object, 10032, 2020-10-24T11:40:04+0200, 3ea92e2, 2020-10-24T12:58:24+0200, 2697.319 219.795 143.252 107.549 88.394 80.781 75.787 71.030 68.301 64.605 60.823 60.378 59.910 58.873 57.020 55.930 54.629 54.563 53.738 52.520 52.057 51.537 51.176 50.748 49.902 49.941 49.150 48.896 49.525 48.770 , 49.410 48.363 48.190 48.080 47.715 48.294 47.808 47.709 47.260 46.932 47.260 46.890 47.289 46.615 46.740 46.319 46.931 46.570 47.172 46.437
empty-file, 10032, 2020-10-24T11:40:04+0200, 3ea92e2, 2020-10-24T12:59:36+0200, 1648.631 39.314 18.629 14.797 13.033 12.804 12.235 11.961 11.811 11.111 10.744 10.351 10.224 9.982 9.886 9.755 9.727 9.740 9.607 9.581 9.546 9.408 9.307 9.215 9.216 9.065 9.104 9.061 9.037 9.029 , 9.014 8.770 8.722 8.743 8.955 8.879 8.824 8.718 8.697 8.777 8.713 8.720 8.725 8.722 9.001 8.736 8.695 8.633 8.771 8.652
dotty, 10032, 2020-10-24T14:03:48+0200, e43c421, 2020-10-24T14:45:04+0200, 84689.906 48224.141 43065.967 42528.223 40597.238 40385.594 41273.508 40229.401 40202.142 41133.596 40129.605 40083.991 40855.911 39789.276 39872.132 40929.155 39753.515 39859.933 40640.200 39693.732 39713.908 40781.398 39659.637 39893.198 40673.667 39617.314 39698.792 40830.707 39859.501 39863.132 , 40583.428 39854.468 39774.755 40655.259 39648.364 39867.641 40501.161 39605.492 39654.574 40762.686 39625.802 39743.458 40773.807 39774.164 39709.311 40762.411 39592.995 39630.819 40499.358 39642.681
re2s, 10032, 2020-10-24T14:03:48+0200, e43c421, 2020-10-24T14:47:35+0200, 13792.432 5416.234 4547.354 3600.161 3206.705 2922.896 2843.106 2580.622 2500.811 2442.254 2439.709 2376.143 2312.923 2308.530 2266.929 2242.157 2250.788 2190.703 2256.336 2167.403 2184.920 2163.729 2185.275 2157.921 2106.882 2151.679 2100.701 2119.606 2082.738 2089.490 , 2060.715 2063.171 2063.475 2058.558 2069.641 2055.135 2072.386 2061.179 2051.494 2040.855 2051.124 2050.537 2060.672 2036.062 2055.133 2042.919 2051.271 2043.471 2050.147 2040.845
scalap, 10032, 2020-10-24T14:03:48+0200, e43c421, 2020-10-24T14:49:54+0200, 13468.393 5112.871 3821.178 3259.109 3038.293 3110.410 2863.862 2578.227 2455.032 2395.203 2285.640 2242.594 2201.591 2159.076 2089.581 2080.918 2006.549 1961.296 1951.711 1901.205 1903.606 1855.622 1827.360 1830.021 1851.951 1815.049 1790.655 1785.463 1733.399 1743.771 , 1731.302 1721.731 1711.911 1687.640 1692.207 1671.820 1689.150 1654.254 1682.899 1647.126 1641.348 1666.065 1642.459 1636.923 1693.989 1625.074 1627.949 1621.042 1623.109 1634.041
stdlib213, 10032, 2020-10-24T14:03:48+0200, e43c421, 2020-10-24T15:11:12+0200, 51413.531 27156.731 22822.794 20643.405 20052.666 20911.153 19211.152 19185.088 19117.109 19081.424 19922.702 18909.161 18875.657 18803.517 18715.515 19883.349 18691.086 18771.648 18660.499 18739.728 19804.514 18652.806 18632.990 18757.297 18695.530 19799.338 18589.594 18647.444 18652.363 18681.035 , 18612.684 19712.421 18631.815 18654.281 18617.498 19614.321 18607.694 18652.172 18629.646 18582.212 19603.513 18620.701 18649.291 18594.117 18603.182 19815.819 18554.342 18625.334 18643.559 18661.915
power-macro-power-inlined-1, 10032, 2020-10-24T14:03:48+0200, e43c421, 2020-10-24T15:12:54+0200, 3102.712 297.133 203.443 151.550 129.720 113.654 106.402 102.349 97.389 95.877 94.626 90.553 90.663 89.583 88.900 85.233 83.673 82.350 80.102 90.876 77.539 76.972 75.593 74.632 75.167 73.403 73.937 71.637 71.486 71.334 , 70.626 70.326 71.099 70.355 70.041 70.665 69.526 69.315 69.714 68.439 68.003 71.053 67.655 67.247 68.591 67.653 66.614 67.276 66.224 66.684
power-macro-power-inlined-1k, 10032, 2020-10-24T14:03:48+0200, e43c421, 2020-10-24T15:14:42+0200, 4768.655 1136.299 775.611 629.653 543.583 509.978 411.186 362.162 313.676 283.031 272.912 251.330 247.623 255.286 252.382 228.639 228.766 219.644 213.663 208.607 204.090 237.355 201.032 196.779 195.884 193.537 191.722 192.083 192.953 194.983 , 193.728 196.573 190.131 190.347 189.982 191.409 188.352 186.753 187.511 187.360 187.720 186.399 187.453 187.499 184.761 185.219 185.415 181.689 185.533 183.762
quote-string-interpolation-matching, 10032, 2020-10-24T14:03:48+0200, e43c421, 2020-10-24T15:16:31+0200, 5089.776 1188.807 934.291 842.487 637.370 611.893 601.353 594.284 582.425 587.238 581.535 569.565 577.953 578.992 564.117 573.078 578.068 570.332 574.582 561.078 572.252 566.909 566.530 566.997 563.473 556.444 558.422 553.122 557.614 559.846 , 555.023 552.742 551.779 551.239 548.579 552.256 551.900 548.685 548.631 553.345 543.461 546.849 551.704 544.282 550.578 541.724 550.613 543.246 542.650 542.791
i1535, 10032, 2020-10-24T14:03:48+0200, e43c421, 2020-10-24T15:17:49+0200, 3833.024 701.382 473.381 380.571 312.960 271.564 234.278 197.432 187.909 176.682 163.069 160.117 155.263 152.780 153.779 151.937 155.103 154.315 153.589 145.105 147.004 143.614 144.300 140.508 138.769 134.383 136.127 136.017 131.969 129.330 , 129.964 128.079 129.321 127.633 126.282 123.668 123.439 122.437 125.228 120.169 120.827 123.112 120.764 119.095 118.451 119.975 117.770 117.706 115.765 116.668
i1687, 10032, 2020-10-24T14:03:48+0200, e43c421, 2020-10-24T15:19:04+0200, 3212.124 406.401 273.508 205.351 173.726 144.395 121.693 119.787 120.445 118.549 113.614 113.474 111.944 108.121 102.942 99.679 98.150 95.391 95.888 94.580 92.658 92.044 90.541 91.130 90.514 89.943 89.223 90.417 89.244 87.506 , 87.440 87.690 86.203 86.312 85.036 85.988 86.065 84.239 85.520 84.362 84.089 84.673 83.922 84.923 83.105 83.140 83.496 82.364 83.604 82.480
empty-class, 10032, 2020-10-24T14:03:48+0200, e43c421, 2020-10-24T15:20:18+0200, 2446.879 119.653 75.446 58.376 51.768 46.428 42.750 40.175 38.977 37.953 37.006 35.418 34.789 35.034 33.550 32.816 31.792 31.877 32.203 31.328 31.273 29.889 29.497 29.756 29.645 29.514 29.487 29.061 29.146 28.823 , 28.491 28.557 28.596 28.455 27.962 28.034 28.125 28.209 27.714 27.604 27.568 27.702 27.901 27.871 27.429 27.585 27.108 27.289 27.219 27.391
empty-object, 10032, 2020-10-24T14:03:48+0200, e43c421, 2020-10-24T15:21:32+0200, 2677.649 221.222 146.412 109.266 91.042 82.106 77.162 71.290 68.105 63.586 62.091 60.293 59.308 57.808 58.141 56.653 54.630 54.551 54.548 52.884 53.861 52.984 51.897 50.998 51.133 49.992 50.166 49.014 48.877 49.615 , 48.196 48.882 48.005 47.691 48.308 47.770 47.896 47.499 46.990 47.453 46.979 47.387 47.293 46.692 46.246 46.765 46.423 46.456 46.501 46.885
empty-file, 10032, 2020-10-24T14:03:48+0200, e43c421, 2020-10-24T15:22:44+0200, 1661.407 44.282 20.125 14.712 12.910 12.818 12.385 12.016 11.602 11.234 10.674 10.380 10.255 10.049 9.779 9.613 9.541 9.518 9.359 9.311 9.238 9.233 9.210 9.156 9.111 8.974 8.930 8.902 8.903 8.872 , 8.806 8.708 8.705 8.679 8.811 8.747 8.734 8.670 8.732 8.741 8.690 8.676 8.752 8.763 8.725 8.688 8.671 8.680 8.891 8.618
dotty, 10032, 2020-10-24T16:34:57+0200, dac8bf9, 2020-10-24T17:16:39+0200, 86116.325 49922.024 43706.356 42616.603 41210.014 40895.360 41692.635 40623.186 40578.974 41614.454 40670.556 40426.564 41256.841 40307.131 40316.860 41126.936 40147.399 40371.048 41102.880 40342.626 40290.170 41010.639 40237.858 40300.006 40916.982 40053.708 40075.220 40937.619 39992.112 40168.400 , 40993.392 40235.619 40052.329 41019.397 40003.568 40193.171 41012.088 40237.990 39995.525 40970.762 40133.391 40010.719 40994.420 40055.801 40073.346 41037.955 40149.358 40140.379 40958.093 40179.068
re2s, 10032, 2020-10-24T16:34:57+0200, dac8bf9, 2020-10-24T17:19:05+0200, 13647.285 5592.870 4081.048 3597.586 3322.932 2878.664 2747.510 2516.133 2400.353 2323.052 2285.198 2239.686 2249.049 2176.673 2174.184 2136.170 2142.893 2109.670 2167.135 2078.430 2131.036 2039.879 2122.447 2108.493 2015.333 2064.768 1999.795 2055.267 2041.556 2000.016 , 2037.863 2042.697 1979.482 1998.562 2056.180 1974.379 2011.900 2020.429 1965.068 2017.515 2014.073 1949.331 1994.232 2013.313 1952.614 1966.749 1946.997 1983.585 1956.732 1944.909
scalap, 10032, 2020-10-24T16:34:57+0200, dac8bf9, 2020-10-24T17:21:23+0200, 13750.208 5065.556 3969.441 3376.648 3037.934 2796.352 2599.207 2620.004 2400.250 2297.747 2218.805 2158.700 2076.126 2036.846 2030.280 1985.921 1935.550 1890.006 1903.954 1882.356 1879.962 1815.214 1776.223 1804.799 1788.127 1778.304 1748.608 1756.119 1706.650 1715.148 , 1704.447 1702.213 1692.466 1681.488 1682.416 1665.003 1678.847 1652.507 1665.405 1634.278 1637.188 1643.251 1634.830 1626.391 1648.256 1610.930 1621.829 1604.424 1601.613 1630.379
stdlib213, 10032, 2020-10-24T16:34:57+0200, dac8bf9, 2020-10-24T17:42:45+0200, 52681.658 27726.150 22741.851 20728.559 19990.796 20777.720 19314.102 19083.884 19121.681 19107.989 20012.856 18908.159 18945.658 18853.720 18777.665 19932.393 18637.797 18752.605 18776.198 18655.937 19835.386 18585.856 18709.494 18765.858 18617.294 19785.001 18636.184 18595.919 18643.343 18625.219 , 19783.263 18555.809 18618.204 18669.161 18605.898 19764.998 18525.775 18607.808 18674.365 18579.609 19599.415 18503.161 18539.842 18674.769 18577.771 19646.964 18606.554 18674.791 18574.553 18551.766
power-macro-power-inlined-1, 10032, 2020-10-24T16:34:57+0200, dac8bf9, 2020-10-24T17:44:27+0200, 3083.709 301.417 191.900 148.093 123.969 113.160 106.341 104.161 99.391 94.697 92.824 91.609 88.052 89.617 87.034 82.623 81.282 79.577 77.354 89.440 76.112 74.701 74.782 74.278 73.161 71.817 72.469 70.736 70.067 70.348 , 70.061 69.725 69.530 69.618 68.603 68.149 68.493 67.889 67.544 68.212 66.753 68.140 67.485 66.466 66.708 67.548 66.367 65.808 66.301 66.354
power-macro-power-inlined-1k, 10032, 2020-10-24T16:34:57+0200, dac8bf9, 2020-10-24T17:46:15+0200, 4799.503 1066.738 764.017 613.878 520.480 471.704 378.885 343.508 301.809 276.015 276.176 269.547 254.707 241.879 243.349 229.037 219.622 212.753 212.847 202.646 201.781 228.112 194.525 191.258 191.478 189.901 188.075 190.858 187.442 188.322 , 191.088 187.915 184.542 184.984 188.996 184.672 184.949 182.421 183.816 181.869 180.806 182.066 180.331 181.237 180.404 179.879 182.303 178.652 179.726 177.630
quote-string-interpolation-matching, 10032, 2020-10-24T16:34:57+0200, dac8bf9, 2020-10-24T17:48:06+0200, 5138.757 1323.215 951.093 845.997 747.449 637.212 609.354 610.397 604.444 604.238 597.859 593.666 588.053 590.493 582.272 590.757 590.245 578.543 584.767 580.676 586.533 582.832 580.680 583.852 590.368 576.679 578.814 570.951 572.956 575.854 , 568.249 577.809 577.568 570.940 570.880 563.328 570.063 567.021 565.751 569.981 569.940 569.251 571.554 569.064 564.908 566.717 561.806 563.469 562.831 563.622
i1535, 10032, 2020-10-24T16:34:57+0200, dac8bf9, 2020-10-24T17:49:25+0200, 3795.902 703.995 458.287 381.613 306.865 278.571 241.912 203.748 193.860 185.675 171.746 170.310 163.871 152.268 152.566 147.707 145.274 144.052 140.005 140.200 140.789 139.029 136.344 136.790 134.195 131.446 132.510 130.627 128.086 129.626 , 128.107 127.629 126.512 126.599 125.760 122.810 123.667 125.431 122.746 120.549 122.604 120.272 121.411 117.098 118.134 117.163 116.371 116.756 114.944 115.718
i1687, 10032, 2020-10-24T16:34:57+0200, dac8bf9, 2020-10-24T17:50:41+0200, 3213.994 411.097 298.177 237.140 213.656 184.757 161.590 135.739 125.407 116.576 108.480 106.320 103.367 100.201 99.643 97.681 99.333 96.962 97.142 95.790 95.196 94.356 93.949 92.570 92.227 91.835 90.955 90.580 92.281 91.306 , 89.749 88.736 88.774 87.950 87.694 87.950 86.404 86.604 85.984 86.679 85.563 85.718 84.716 85.352 84.636 84.310 84.961 83.542 83.429 85.375
empty-class, 10032, 2020-10-24T16:34:57+0200, dac8bf9, 2020-10-24T17:51:54+0200, 2471.244 119.571 78.841 60.084 52.737 48.046 44.088 40.954 38.801 37.477 36.185 35.583 35.578 33.676 33.973 33.107 32.297 32.136 31.982 30.892 31.022 30.017 29.737 30.036 29.347 29.440 28.770 28.762 28.727 28.377 , 28.424 28.539 28.205 27.854 27.796 28.011 27.812 27.764 27.892 27.627 27.694 27.410 27.833 27.460 27.473 27.339 27.150 26.874 26.994 27.024
empty-object, 10032, 2020-10-24T16:34:57+0200, dac8bf9, 2020-10-24T17:53:08+0200, 2697.610 218.888 144.305 111.283 94.390 87.766 78.251 74.227 69.050 65.834 60.970 59.536 58.868 57.141 57.916 56.116 54.763 53.501 53.807 51.993 51.475 50.869 50.754 49.940 50.196 49.913 50.630 49.435 48.675 49.162 , 48.989 48.727 48.274 47.756 48.395 47.886 47.718 47.365 47.373 47.260 46.948 47.425 47.232 47.076 46.792 47.176 46.582 46.849 46.633 46.586
empty-file, 10032, 2020-10-24T16:34:57+0200, dac8bf9, 2020-10-24T17:54:20+0200, 1677.654 40.239 19.475 14.569 12.956 12.966 12.286 11.970 11.689 11.266 10.859 10.309 10.055 10.131 9.864 9.561 9.450 9.502 9.370 9.316 9.298 9.274 9.192 9.179 9.063 9.031 8.977 8.919 8.880 8.860 , 8.765 8.748 8.737 8.719 8.835 8.752 8.776 8.694 8.740 8.739 8.709 8.695 8.714 8.801 8.711 8.712 8.724 8.694 8.852 8.698
dotty, 10032, 2020-10-24T22:58:34+0200, dac8bf9, 2020-10-24T23:40:09+0200, 87898.963 48535.978 43557.799 42658.136 40974.753 40888.328 41436.649 40660.056 40548.196 41368.540 40500.210 40207.328 41073.991 40139.466 40072.092 41066.551 39998.897 40188.211 41014.712 40030.594 39970.276 40848.562 40052.569 39932.036 40921.706 40026.429 40115.193 40831.773 40109.272 39958.741 , 40936.158 39883.233 40040.954 40847.597 39907.873 39974.151 40881.914 39882.831 40038.028 40882.151 39966.510 39948.551 40893.525 40071.826 39934.728 40783.054 39960.737 40047.584 40992.500 39926.485
re2s, 10032, 2020-10-24T22:58:34+0200, dac8bf9, 2020-10-24T23:42:39+0200, 13315.857 5934.365 4349.847 3620.972 3627.573 2973.981 2746.734 2713.382 2564.440 2519.818 2515.800 2391.129 2345.692 2300.846 2274.426 2230.149 2235.251 2169.931 2265.951 2138.561 2220.574 2220.383 2124.589 2118.323 2160.000 2081.948 2097.242 2124.096 2031.089 2099.499 , 2089.118 2124.125 2117.129 2009.982 2083.637 2086.147 2052.411 2056.614 2073.211 1987.281 2020.553 2001.461 2012.195 1989.857 2004.145 1970.882 1981.324 1989.916 1967.473 1993.848
scalap, 10032, 2020-10-24T22:58:34+0200, dac8bf9, 2020-10-24T23:44:59+0200, 13792.058 5262.483 4016.604 3351.244 3012.099 2761.435 2706.569 2644.127 2477.855 2309.783 2178.466 2166.685 2117.292 2095.391 2101.463 2007.616 2030.907 1961.839 1959.091 1916.121 1867.125 1864.024 1891.863 1881.688 1799.551 1827.892 1776.612 1837.242 1782.147 1758.845 , 1786.290 1720.423 1723.959 1697.614 1696.652 1688.062 1688.958 1667.182 1717.051 1672.927 1669.324 1677.713 1654.870 1639.510 1677.473 1652.528 1641.708 1649.188 1639.715 1658.474
stdlib213, 10032, 2020-10-24T22:58:34+0200, dac8bf9, 2020-10-25T00:06:01+0200, 52454.828 27489.217 22725.496 20699.077 19967.421 20543.642 19022.191 18896.751 18655.743 18710.301 19729.046 18521.295 18427.909 18500.335 18409.274 19566.743 18334.772 18360.747 18359.720 18344.028 18243.195 19308.106 18240.710 18324.582 18199.316 19367.009 18299.113 18227.397 18228.701 18269.505 , 19281.119 18232.072 18199.548 18276.456 18209.907 19286.095 18151.501 18190.728 18330.354 18334.042 18178.230 19388.013 18213.365 18181.118 18276.970 19210.162 18127.999 18249.387 18100.984 18160.813
power-macro-power-inlined-1, 10032, 2020-10-24T22:58:34+0200, dac8bf9, 2020-10-25T00:07:43+0200, 3112.128 297.770 204.861 152.596 126.858 109.913 99.993 95.709 94.603 92.604 92.513 92.002 91.740 90.362 87.833 85.782 84.756 82.182 78.879 92.656 78.524 75.685 74.489 73.771 75.447 73.363 73.208 71.814 71.582 71.158 , 70.367 70.052 70.155 69.951 69.242 69.696 68.072 68.513 68.914 68.060 67.203 69.464 67.134 67.132 67.344 66.469 66.074 67.193 66.159 66.684
power-macro-power-inlined-1k, 10032, 2020-10-24T22:58:34+0200, dac8bf9, 2020-10-25T00:09:32+0200, 4818.873 1089.672 776.487 638.335 553.773 507.687 434.219 376.231 328.206 293.523 270.937 288.561 268.782 254.840 238.745 239.779 233.044 225.653 215.922 211.547 207.971 236.710 200.611 201.975 202.260 199.016 195.989 196.551 194.935 194.623 , 196.835 193.748 192.632 189.698 190.485 193.988 193.484 189.968 188.810 189.377 188.614 189.507 187.581 187.330 187.853 186.537 186.469 186.929 187.231 186.306
quote-string-interpolation-matching, 10032, 2020-10-24T22:58:34+0200, dac8bf9, 2020-10-25T00:11:21+0200, 5052.611 1172.566 1035.019 807.613 634.646 627.310 602.167 592.083 597.472 588.878 578.203 577.897 584.446 567.568 577.723 568.028 569.200 575.325 568.640 565.914 562.535 557.671 560.549 557.143 554.617 564.376 553.356 558.081 556.239 554.624 , 556.836 547.557 547.307 553.390 544.876 548.004 547.123 551.158 553.747 549.999 549.818 550.356 545.335 547.315 545.513 551.462 546.080 542.111 543.365 549.202
i1535, 10032, 2020-10-24T22:58:34+0200, dac8bf9, 2020-10-25T00:12:39+0200, 3815.189 692.756 476.946 389.937 319.499 278.653 240.158 213.037 203.458 187.210 183.613 172.570 165.939 155.147 156.155 156.013 152.290 143.789 141.829 139.087 138.089 135.441 136.055 134.857 134.034 130.997 131.020 132.252 129.535 129.438 , 130.937 128.534 126.651 126.726 124.805 124.220 123.692 123.628 124.339 121.799 122.401 121.779 120.919 117.357 116.798 117.765 116.931 118.212 116.243 116.538
i1687, 10032, 2020-10-24T22:58:34+0200, dac8bf9, 2020-10-25T00:13:55+0200, 3205.425 433.139 310.386 232.543 202.218 177.451 143.550 126.750 118.434 110.188 105.558 104.361 104.437 105.553 105.195 100.830 99.415 97.955 97.303 95.132 93.839 93.146 93.438 93.000 91.253 90.042 90.523 89.896 90.934 90.376 , 87.779 88.954 87.432 89.627 86.863 86.555 86.636 84.891 85.295 86.269 84.189 85.316 84.855 84.621 84.664 83.234 83.804 82.745 82.681 85.295
empty-class, 10032, 2020-10-24T22:58:34+0200, dac8bf9, 2020-10-25T00:15:09+0200, 2448.314 127.167 75.657 56.919 49.782 46.267 44.028 41.802 39.937 38.910 38.885 38.396 36.707 36.064 33.899 33.483 32.274 32.315 31.949 31.564 30.999 30.566 29.852 29.608 29.631 29.596 29.244 29.157 29.153 28.626 , 28.382 28.342 28.645 28.270 27.849 28.320 27.863 27.996 28.336 27.667 27.608 27.590 28.080 28.511 27.488 27.421 27.555 27.260 27.433 27.474
empty-object, 10032, 2020-10-24T22:58:34+0200, dac8bf9, 2020-10-25T00:16:23+0200, 2713.696 217.581 137.166 104.835 93.969 85.859 79.600 71.958 69.467 64.093 59.606 59.256 57.613 56.563 57.526 56.154 54.228 53.175 52.956 52.436 52.050 51.130 51.092 50.321 49.818 49.459 50.166 49.480 49.585 48.784 , 49.103 48.705 48.684 48.505 47.773 47.784 48.305 47.737 47.841 47.284 47.345 46.915 47.207 47.110 46.589 46.880 46.515 47.006 46.687 46.951
empty-file, 10032, 2020-10-24T22:58:34+0200, dac8bf9, 2020-10-25T00:17:35+0200, 1669.534 40.815 19.164 14.463 13.146 12.633 12.295 12.035 11.611 11.109 10.907 10.447 10.247 10.084 9.842 9.627 9.479 9.447 9.345 9.334 9.292 9.221 9.086 9.201 9.009 9.037 8.934 8.877 8.833 8.885 , 8.795 8.733 8.728 8.754 8.870 8.749 8.764 8.712 8.723 8.763 8.740 8.760 8.798 8.817 8.729 8.690 8.737 8.721 8.967 8.649
dotty, 10032, 2020-10-25T00:17:48+0200, f40e7ac, 2020-10-25T01:00:34+0200, 89119.104 50627.017 45848.206 44195.228 42601.934 42232.221 42716.947 41954.828 41968.553 42788.490 41808.804 41744.627 42651.257 41691.201 41700.868 42478.898 41532.572 41505.832 42446.467 41387.349 41475.095 42165.013 41598.218 41510.303 42426.735 41455.715 41502.728 42614.565 41379.948 41345.010 , 42163.741 41410.289 41585.129 42252.679 41409.500 41434.509 42372.004 41562.710 41436.993 42373.844 41388.778 41472.585 42406.968 41465.140 41521.372 42321.758 41474.414 41372.656 42287.795 41369.851
re2s, 10032, 2020-10-25T00:17:48+0200, f40e7ac, 2020-10-25T01:02:58+0200, 12655.695 5200.425 3768.421 3560.280 3257.954 2868.873 2870.460 2604.801 2495.953 2356.087 2341.462 2282.830 2262.421 2212.645 2180.305 2145.785 2147.307 2105.388 2105.948 2050.498 2092.120 2035.923 2100.930 2011.175 2056.138 2002.930 2051.111 2032.092 2014.499 2003.981 , 1970.137 2011.130 1967.500 2010.626 1991.532 1969.157 2001.946 2022.258 1947.042 1985.275 1944.777 2005.115 1993.164 1948.949 1974.896 2008.815 1928.572 1962.055 1943.913 1995.880
scalap, 10032, 2020-10-25T00:17:48+0200, f40e7ac, 2020-10-25T01:05:16+0200, 13401.592 4819.338 3887.733 3287.794 2917.843 3025.851 2664.974 2472.207 2549.877 2473.242 2317.228 2217.628 2136.902 2077.181 2061.022 2008.502 1964.131 1927.010 1920.551 1871.472 1903.801 1842.691 1859.707 1822.019 1787.899 1805.166 1764.130 1769.646 1740.233 1739.259 , 1705.690 1726.411 1713.022 1683.909 1705.376 1684.296 1676.058 1646.811 1690.818 1642.610 1643.076 1644.340 1641.961 1630.289 1664.677 1621.043 1614.265 1614.379 1613.402 1623.790
stdlib213, 10032, 2020-10-25T00:17:48+0200, f40e7ac, 2020-10-25T01:26:34+0200, 52089.821 28360.979 23080.326 20608.022 19982.238 20767.276 19281.288 19067.083 19026.259 18936.057 20033.800 18747.802 18864.152 18769.425 18761.663 19858.051 18662.615 18579.098 18710.178 18689.132 18615.190 19773.707 18629.153 18671.461 18580.238 19651.603 18472.699 18582.195 18585.336 18593.974 , 19579.128 18553.531 18464.369 18634.100 18578.114 19684.813 18609.018 18471.204 18459.866 18553.983 18546.307 19554.454 18493.739 18535.100 18588.938 19565.632 18556.577 18610.392 18477.385 18511.013
power-macro-power-inlined-1, 10032, 2020-10-25T00:17:48+0200, f40e7ac, 2020-10-25T01:28:16+0200, 3103.139 305.554 205.180 153.999 125.023 107.395 99.119 98.409 95.517 94.917 93.060 92.431 93.795 89.071 87.135 86.615 82.550 81.511 78.970 91.025 77.014 77.324 76.424 74.098 75.371 72.802 73.596 71.662 71.801 70.963 , 70.827 71.365 70.944 71.225 70.838 69.653 68.775 69.523 68.333 68.895 70.338 69.784 67.877 69.078 67.913 67.873 69.067 67.322 66.807 66.971
power-macro-power-inlined-1k, 10032, 2020-10-25T00:17:48+0200, f40e7ac, 2020-10-25T01:30:04+0200, 4772.256 1087.225 839.437 687.582 567.345 513.058 441.404 380.793 338.304 322.496 294.317 279.580 254.224 259.618 267.794 255.221 241.231 232.889 221.015 214.578 208.392 203.326 237.880 202.149 198.162 199.119 197.629 195.640 194.640 194.754 , 195.754 192.378 194.509 192.111 190.984 192.398 193.074 189.835 188.311 190.310 187.441 191.228 189.236 190.412 188.430 189.426 188.159 188.018 187.442 188.686
quote-string-interpolation-matching, 10032, 2020-10-25T00:17:48+0200, f40e7ac, 2020-10-25T01:31:55+0200, 5218.673 1377.952 1018.376 908.612 765.201 650.612 618.489 618.459 608.555 610.375 605.281 594.102 602.003 584.685 594.576 591.467 589.148 590.757 591.029 579.317 586.019 584.939 595.535 583.347 581.467 585.113 581.697 583.008 580.765 579.775 , 572.366 579.867 574.926 577.628 577.670 570.670 573.778 568.574 564.220 567.867 567.347 565.720 565.949 564.783 572.271 567.968 564.676 563.930 563.183 572.656
i1535, 10032, 2020-10-25T00:17:48+0200, f40e7ac, 2020-10-25T01:33:14+0200, 3838.553 681.922 464.750 363.174 301.012 267.671 226.765 194.597 178.509 172.767 165.878 160.995 163.713 165.347 163.849 158.801 159.110 160.042 154.975 145.568 146.351 144.543 141.994 139.870 140.319 136.486 135.763 137.207 132.547 132.461 , 129.875 128.791 129.510 127.412 126.065 124.569 122.695 121.904 123.493 120.502 122.058 122.076 121.661 119.858 118.882 118.977 118.334 119.200 117.727 118.963
i1687, 10032, 2020-10-25T00:17:48+0200, f40e7ac, 2020-10-25T01:34:30+0200, 3199.291 413.480 293.576 226.198 200.854 172.817 144.294 132.357 127.529 118.236 111.723 107.539 104.626 102.695 98.345 95.788 94.754 94.792 93.476 94.423 92.099 91.657 91.944 90.366 90.541 89.698 90.079 89.568 91.175 89.456 , 88.279 87.956 87.922 87.250 86.378 86.814 85.759 85.793 85.363 85.159 84.462 84.457 84.669 86.282 83.785 83.564 83.486 82.883 83.875 84.208
empty-class, 10032, 2020-10-25T00:17:48+0200, f40e7ac, 2020-10-25T01:35:43+0200, 2451.055 126.516 73.813 56.250 50.492 45.686 43.118 41.329 39.390 37.806 36.612 35.573 35.491 34.629 33.798 32.169 31.934 31.649 31.182 30.434 30.512 30.085 29.461 29.136 29.240 29.000 28.929 29.004 28.529 28.456 , 28.031 28.348 27.967 27.851 27.703 28.025 27.792 27.831 27.583 27.556 27.537 27.583 27.533 27.601 27.145 27.448 26.911 27.021 27.110 27.064
empty-object, 10032, 2020-10-25T00:17:48+0200, f40e7ac, 2020-10-25T01:36:58+0200, 2697.021 223.032 139.160 106.573 91.205 84.635 78.304 72.398 68.282 64.195 62.289 61.823 58.638 57.658 56.996 55.423 54.021 53.976 53.035 51.843 52.183 50.147 50.448 50.128 49.690 49.894 49.913 49.254 48.665 48.268 , 49.276 47.913 48.079 47.445 47.656 47.574 47.775 47.217 47.610 46.741 46.776 47.324 46.582 46.654 46.635 46.899 46.372 46.534 46.400 46.472
empty-file, 10032, 2020-10-25T00:17:48+0200, f40e7ac, 2020-10-25T01:38:10+0200, 1669.712 40.375 20.129 14.346 12.797 12.738 12.313 11.966 11.845 11.184 10.772 10.503 10.334 10.055 10.154 9.652 9.557 9.567 9.369 9.376 9.353 9.300 9.271 9.348 9.206 9.086 8.997 9.043 8.978 8.976 , 8.904 8.800 8.782 8.842 8.852 8.855 8.780 8.795 8.785 8.810 8.795 8.797 8.789 8.793 8.794 8.780 8.792 8.779 8.933 8.752
dotty, 10032, 2020-10-25T11:29:26+0100, af28c1e, 2020-10-25T12:10:39+0100, 86844.027 49690.505 42882.894 42380.716 40666.581 40517.824 41008.919 40157.668 40042.862 40976.958 40058.761 40180.335 40806.943 39813.217 39907.051 40637.498 39819.249 39929.257 40541.496 39707.760 39695.890 40612.054 39710.429 39794.263 40595.344 39676.484 39596.013 40466.611 39572.564 39682.050 , 40479.488 39679.312 39789.549 40470.364 39575.623 39659.015 40685.825 39432.040 39585.210 40493.046 39680.745 39517.333 40420.340 39493.567 39621.294 40405.580 39679.277 39602.560 40426.412 39540.730
re2s, 10032, 2020-10-25T11:29:26+0100, af28c1e, 2020-10-25T12:13:11+0100, 13457.440 5703.071 4064.477 3561.736 3349.756 3453.379 3067.236 2769.651 2654.727 2536.283 2469.765 2405.394 2384.131 2334.161 2251.988 2259.758 2211.550 2233.842 2185.809 2184.850 2150.612 2213.435 2163.461 2187.928 2197.703 2134.022 2135.310 2093.006 2144.532 2092.426 , 2074.595 2094.747 2064.524 2060.159 2071.321 2078.219 2076.197 2093.288 2048.696 2057.597 2041.622 2057.780 2056.822 2034.654 2036.743 2036.640 2043.102 2031.275 2040.748 2065.405
scalap, 10032, 2020-10-25T11:29:26+0100, af28c1e, 2020-10-25T12:15:30+0100, 13462.874 4894.181 3870.304 3396.346 2957.742 2834.353 2672.065 2657.436 2438.097 2558.019 2469.063 2305.995 2154.022 2038.245 2006.218 1996.510 1954.454 1952.081 1972.286 1927.358 1886.418 1848.128 1883.352 1858.322 1826.473 1804.526 1772.044 1796.048 1762.299 1739.960 , 1729.286 1725.132 1720.608 1732.492 1693.209 1687.947 1691.218 1655.016 1671.044 1652.118 1645.740 1657.178 1653.475 1647.609 1668.233 1630.671 1626.284 1637.775 1638.376 1647.642
stdlib213, 10032, 2020-10-25T11:29:26+0100, af28c1e, 2020-10-25T12:36:52+0100, 52742.551 27075.911 22916.210 21312.414 20379.065 20865.770 19159.116 19163.801 19052.837 19026.297 19915.179 18804.942 18768.867 18889.363 18755.680 19770.637 18688.485 18665.101 18639.655 18712.151 19699.576 18622.095 18531.930 18734.779 18685.509 19783.132 18576.597 18571.894 18590.865 18624.478 , 19633.786 18572.445 18570.998 18624.485 18547.736 19668.890 18568.967 18542.504 18523.335 18531.099 19604.811 18513.910 18508.569 18524.087 18616.948 19606.474 18454.771 18562.956 18590.666 18623.883
power-macro-power-inlined-1, 10032, 2020-10-25T11:29:26+0100, af28c1e, 2020-10-25T12:38:33+0100, 3103.420 298.084 190.636 149.739 126.767 117.035 108.886 103.784 100.947 98.505 93.994 91.074 89.351 85.076 85.385 82.334 79.103 78.331 77.539 88.487 74.657 74.193 73.516 73.698 73.536 71.964 73.128 70.479 70.529 70.374 , 69.825 69.627 69.712 69.703 68.491 68.320 68.014 68.061 67.662 67.865 66.888 68.695 67.052 66.011 66.511 66.414 65.821 65.981 65.563 66.735
power-macro-power-inlined-1k, 10032, 2020-10-25T11:29:26+0100, af28c1e, 2020-10-25T12:40:21+0100, 4808.156 1082.886 727.976 600.158 504.316 448.096 378.107 335.016 307.713 273.220 294.679 278.047 251.432 237.959 247.149 236.734 225.335 219.307 221.650 209.498 203.921 232.698 199.120 195.362 195.729 194.472 194.220 192.578 192.226 193.024 , 192.728 195.022 188.620 190.091 190.585 189.346 189.246 185.006 185.929 187.082 186.035 183.062 186.643 184.168 183.123 184.004 184.490 185.198 183.998 184.476
quote-string-interpolation-matching, 10032, 2020-10-25T11:29:26+0100, af28c1e, 2020-10-25T12:42:11+0100, 5212.011 1323.610 929.739 793.098 653.709 617.619 602.969 606.652 597.003 595.927 584.640 573.999 585.990 581.887 573.717 579.056 574.017 574.176 570.464 570.096 565.819 578.450 561.994 569.698 572.430 562.258 566.557 566.052 563.421 564.733 , 562.290 559.772 562.084 554.005 554.794 550.861 554.029 559.266 557.040 557.478 557.887 554.186 559.159 560.043 563.289 561.087 547.984 552.109 550.909 556.378
i1535, 10032, 2020-10-25T11:29:26+0100, af28c1e, 2020-10-25T12:43:29+0100, 3831.769 675.809 503.834 401.196 322.374 279.977 239.674 217.096 192.540 180.952 165.794 160.152 154.611 155.926 150.178 156.872 156.392 152.666 147.501 148.240 146.056 145.981 146.736 141.141 142.738 137.706 135.994 136.227 134.802 131.802 , 131.907 129.189 128.614 129.378 126.938 127.658 128.088 124.862 124.331 124.474 122.904 125.805 122.021 120.900 119.275 118.937 118.752 117.495 118.647 118.461
i1687, 10032, 2020-10-25T11:29:26+0100, af28c1e, 2020-10-25T12:44:44+0100, 3177.124 414.739 297.507 234.979 207.970 180.491 150.664 132.386 123.255 116.142 108.457 106.271 104.219 101.640 100.284 97.484 96.236 96.294 94.770 94.809 93.744 92.518 92.214 91.975 91.940 89.888 89.948 89.668 90.376 89.242 , 89.057 89.681 88.078 86.770 86.530 87.300 86.949 85.042 85.766 85.198 83.985 84.197 84.467 83.775 83.851 83.424 84.173 83.899 82.731 84.505
empty-class, 10032, 2020-10-25T11:29:26+0100, af28c1e, 2020-10-25T12:45:58+0100, 2438.088 125.216 73.595 57.339 49.554 45.804 42.696 41.448 40.116 39.516 38.566 36.286 35.628 34.853 33.693 32.739 31.713 31.570 31.636 31.544 31.022 30.009 29.787 29.782 29.460 29.276 28.828 28.909 29.042 28.503 , 28.473 28.614 28.483 28.298 28.178 28.126 28.055 27.909 27.978 27.717 27.740 27.516 27.877 27.577 27.496 27.507 27.312 27.235 27.288 27.303
empty-object, 10032, 2020-10-25T11:29:26+0100, af28c1e, 2020-10-25T12:47:12+0100, 2702.636 221.350 136.047 96.753 82.472 77.155 75.447 70.843 67.305 63.603 62.381 61.844 61.490 59.595 56.642 56.264 55.673 54.648 54.404 52.808 52.693 51.753 51.133 50.867 50.178 50.276 49.617 49.344 49.069 48.621 , 49.273 47.854 48.476 47.857 47.724 47.909 47.596 47.961 47.581 47.718 46.444 47.199 47.031 46.223 46.671 46.289 46.681 46.617 46.990 46.196
empty-file, 10032, 2020-10-25T11:29:26+0100, af28c1e, 2020-10-25T12:48:24+0100, 1669.462 40.099 19.664 15.051 12.957 12.919 12.495 12.171 12.017 11.405 11.254 10.715 10.507 9.961 9.898 9.613 9.605 9.577 9.476 9.478 9.422 9.332 9.324 9.306 9.197 9.088 9.115 9.084 8.996 8.941 , 8.960 8.853 8.814 8.837 8.858 8.851 8.837 8.850 8.802 8.830 8.789 8.784 8.806 8.844 8.840 8.831 8.799 8.756 8.889 8.855
dotty, 10032, 2020-10-25T21:27:40+0100, 8ad905f, 2020-10-25T22:10:02+0100, 89662.793 49972.968 44551.645 43780.812 42184.147 41845.483 42395.371 41682.102 41496.414 42335.911 41340.026 41429.585 42046.228 41141.619 41389.012 42199.138 41216.493 41249.701 41873.377 41079.478 41145.863 41907.469 41279.575 41055.789 42034.643 41062.563 41050.921 41936.785 40994.164 40880.162 , 41735.734 41053.810 41045.398 41850.600 40956.731 41076.364 41966.279 40905.419 40922.603 41929.465 41028.240 41046.597 41891.813 41103.157 40965.313 41994.744 40956.856 40961.928 41786.636 41060.036
re2s, 10032, 2020-10-25T21:27:40+0100, 8ad905f, 2020-10-25T22:12:35+0100, 13372.775 5986.818 4655.301 3857.726 3793.949 3333.301 2947.898 2723.808 2639.454 2570.074 2413.777 2418.347 2320.956 2289.230 2268.367 2257.961 2205.324 2242.002 2226.311 2176.194 2191.364 2167.867 2168.500 2123.120 2148.407 2129.467 2149.651 2147.612 2114.522 2116.637 , 2092.212 2105.017 2078.500 2060.388 2073.908 2081.279 2085.358 2105.644 2069.321 2056.658 2057.981 2064.861 2051.032 2066.420 2052.062 2066.220 2078.536 2061.213 2069.672 2086.329
scalap, 10032, 2020-10-25T21:27:40+0100, 8ad905f, 2020-10-25T22:14:52+0100, 13476.066 4824.313 3968.360 3301.271 3087.013 2879.619 2619.492 2554.342 2496.975 2391.941 2274.403 2179.902 2116.772 2018.131 1993.662 1954.173 1931.190 1905.918 1911.085 1856.356 1839.319 1801.343 1838.839 1805.275 1779.938 1771.688 1741.819 1760.226 1735.985 1733.238 , 1707.514 1686.703 1716.643 1666.358 1700.600 1692.802 1687.759 1653.108 1711.332 1640.682 1631.148 1648.969 1640.416 1641.230 1652.224 1607.420 1609.380 1619.629 1604.539 1615.893
stdlib213, 10032, 2020-10-25T21:27:40+0100, 8ad905f, 2020-10-25T22:36:29+0100, 53305.054 27566.935 23290.582 21338.005 20449.040 21024.233 19548.735 19413.027 19335.991 19300.623 20318.244 19107.594 19066.647 19196.833 19120.500 20115.984 18992.425 18915.651 18943.749 19003.350 18935.434 18887.936 18974.540 18969.518 19032.802 19830.599 18857.870 18843.750 18859.479 18883.063 , 19955.913 18878.541 18881.501 18858.964 18866.082 19854.836 18898.492 18708.421 18866.911 18766.506 19955.968 18808.343 18896.937 18845.397 18952.202 19822.920 18820.507 18840.347 18884.992 18739.668
power-macro-power-inlined-1, 10032, 2020-10-25T21:27:40+0100, 8ad905f, 2020-10-25T22:38:11+0100, 3106.544 300.971 192.510 152.387 131.195 117.022 109.327 104.705 98.290 94.761 92.838 91.343 91.647 88.657 86.923 82.668 81.505 80.418 78.241 89.399 75.483 75.485 73.628 75.632 73.448 71.880 72.749 70.915 70.173 70.066 , 71.040 69.676 70.244 70.365 68.854 68.714 68.434 68.562 67.544 68.335 67.057 67.978 68.021 67.071 66.385 67.523 66.464 67.028 66.170 66.476
power-macro-power-inlined-1k, 10032, 2020-10-25T21:27:40+0100, 8ad905f, 2020-10-25T22:40:00+0100, 4815.615 1079.362 783.560 619.456 510.157 451.478 366.667 321.503 288.077 281.008 279.580 310.901 287.296 272.507 262.922 235.248 233.579 222.487 216.105 207.352 211.421 238.235 206.499 198.081 202.070 197.674 196.463 194.374 195.239 193.947 , 193.920 195.126 192.140 191.532 190.741 191.689 190.764 187.561 191.021 186.796 188.110 189.232 188.930 188.400 188.119 186.453 186.903 186.157 184.440 184.620
quote-string-interpolation-matching, 10032, 2020-10-25T21:27:40+0100, 8ad905f, 2020-10-25T22:41:50+0100, 5181.507 1250.611 914.246 754.356 635.804 620.562 608.768 606.827 598.617 597.726 590.069 581.743 594.851 583.119 573.610 579.369 582.625 572.417 573.201 570.396 578.182 572.217 571.666 569.275 579.809 561.831 563.520 568.046 566.032 561.645 , 559.263 559.022 565.164 555.626 555.735 554.276 558.450 559.906 559.213 561.433 557.254 556.430 560.199 554.660 555.400 555.341 550.018 554.832 562.085 555.550
i1535, 10032, 2020-10-25T21:27:40+0100, 8ad905f, 2020-10-25T22:43:09+0100, 3857.143 662.265 476.770 376.477 320.982 277.984 234.741 203.889 188.429 177.373 161.472 159.876 157.455 155.051 154.268 157.563 158.956 156.131 155.233 149.184 151.915 147.069 147.183 143.277 143.470 141.034 141.218 138.287 135.207 132.811 , 132.002 131.910 130.256 129.641 128.424 127.630 125.537 124.475 126.604 125.461 122.628 122.937 121.296 120.663 118.595 121.097 119.745 117.842 117.894 117.145
i1687, 10032, 2020-10-25T21:27:40+0100, 8ad905f, 2020-10-25T22:44:24+0100, 3187.886 417.491 296.374 222.097 185.841 152.230 131.098 125.559 118.362 112.317 108.548 105.517 106.187 104.996 103.778 101.656 98.008 95.884 95.237 94.890 93.434 91.997 92.589 94.439 93.438 92.709 91.253 90.162 90.992 89.290 , 88.875 88.610 87.658 87.214 86.924 87.232 86.338 85.513 86.008 85.705 84.235 85.493 86.278 83.807 84.123 83.643 83.634 83.917 82.864 84.797
empty-class, 10032, 2020-10-25T21:27:40+0100, 8ad905f, 2020-10-25T22:45:37+0100, 2449.597 127.134 77.841 58.432 50.638 46.514 44.334 41.295 39.589 38.713 36.836 36.582 35.151 33.647 33.547 32.909 32.558 31.545 31.574 31.095 31.125 30.756 29.565 29.601 29.445 29.776 29.268 29.088 29.265 28.397 , 28.714 28.515 28.285 28.026 27.866 28.093 28.116 28.064 27.833 27.532 27.659 27.522 27.789 27.592 27.672 27.508 27.235 27.091 27.287 27.309
empty-object, 10032, 2020-10-25T21:27:40+0100, 8ad905f, 2020-10-25T22:46:52+0100, 2694.316 227.039 145.713 111.071 96.610 88.918 79.817 73.661 69.883 66.207 63.290 61.155 58.876 58.388 58.544 56.212 54.080 53.070 53.292 52.362 51.296 50.915 50.777 50.758 49.878 49.618 49.772 49.306 49.105 48.176 , 49.367 48.314 47.707 47.819 47.675 47.871 47.123 47.816 47.327 47.004 47.151 46.454 47.303 46.712 46.917 46.090 46.413 46.303 46.825 46.038
empty-file, 10032, 2020-10-25T21:27:40+0100, 8ad905f, 2020-10-25T22:48:10+0100, 1674.328 39.280 19.550 14.945 13.369 13.164 12.950 12.200 11.981 11.323 11.092 10.747 10.352 10.188 9.994 9.718 9.718 9.773 9.506 9.632 9.589 9.526 9.465 9.335 9.399 9.272 9.213 9.273 9.150 9.086 , 9.013 8.990 8.983 8.959 8.989 8.998 8.937 8.945 8.960 8.925 8.942 8.914 8.923 8.927 8.974 8.923 8.903 8.875 8.891 9.184
dotty, 10032, 2020-10-26T00:06:23+0100, 56e296a, 2020-10-26T00:48:14+0100, 86634.885 50250.294 44971.414 43626.544 41629.657 41385.932 42250.157 40933.826 40918.169 42069.890 40583.483 40496.685 41385.808 40543.852 40630.929 41575.302 40261.294 40359.395 41242.126 40330.733 40489.106 41246.609 40210.041 40526.107 41305.210 40426.237 40491.205 41269.785 40296.840 40385.335 , 41400.747 40190.894 40397.845 41171.710 40106.631 40257.339 41209.566 40251.617 40194.763 41077.685 40280.430 40370.572 41423.318 40371.916 40293.631 41356.605 40161.899 40244.654 41276.992 40128.215
re2s, 10032, 2020-10-26T00:06:23+0100, 56e296a, 2020-10-26T00:50:48+0100, 13365.675 5895.344 4556.482 3948.869 3379.891 3099.443 2919.309 2684.760 2684.681 2614.823 2480.042 2430.386 2390.120 2402.227 2343.731 2308.160 2289.704 2265.092 2338.259 2244.105 2222.205 2244.247 2200.416 2166.882 2208.054 2169.774 2182.613 2157.320 2162.375 2169.290 , 2122.624 2183.750 2120.181 2123.648 2122.894 2116.955 2117.390 2129.183 2090.642 2126.432 2096.691 2093.710 2079.236 2081.762 2077.640 2112.570 2072.085 2077.152 2083.658 2103.313
scalap, 10032, 2020-10-26T00:06:23+0100, 56e296a, 2020-10-26T00:53:05+0100, 13387.646 4695.552 3717.764 3259.951 3095.842 3160.253 2924.528 2610.269 2355.850 2236.207 2337.545 2337.463 2201.906 2110.278 2071.927 2012.276 1993.338 1948.277 1916.715 1881.830 1877.149 1853.716 1807.167 1789.927 1791.718 1761.280 1749.440 1772.772 1722.712 1732.523 , 1714.329 1691.470 1689.268 1664.914 1677.479 1670.664 1660.723 1636.511 1648.901 1611.919 1631.396 1622.119 1620.003 1622.749 1633.046 1593.144 1610.529 1599.353 1603.741 1652.515
stdlib213, 10032, 2020-10-26T00:06:23+0100, 56e296a, 2020-10-26T01:13:59+0100, 51788.897 27113.768 22477.598 20501.184 19764.687 19356.288 20196.638 18691.955 18713.440 18571.694 18456.040 19480.741 18345.571 18282.096 18229.850 19423.835 18221.530 18215.361 18132.220 18184.776 19128.663 18124.434 18124.572 18193.247 18259.707 19206.070 18186.276 18252.791 18098.249 18214.837 , 19077.801 18166.168 18174.442 18153.471 18149.302 19139.340 18088.591 18131.449 18046.099 18097.470 19072.367 17954.563 18102.186 18021.875 18012.851 19132.572 18005.589 18140.835 18088.986 18139.187
power-macro-power-inlined-1, 10032, 2020-10-26T00:06:23+0100, 56e296a, 2020-10-26T01:15:41+0100, 3106.954 293.594 184.476 138.654 120.188 103.722 97.816 91.592 89.399 87.635 83.213 84.892 81.460 80.541 81.164 76.007 75.415 71.508 83.683 68.503 68.571 68.002 67.039 65.808 64.898 64.582 63.815 64.215 62.671 63.339 , 63.334 63.035 61.265 61.863 60.724 61.341 60.463 60.599 61.289 60.134 59.341 60.076 59.161 59.692 58.822 59.925 58.711 59.992 59.304 59.185
power-macro-power-inlined-1k, 10032, 2020-10-26T00:06:23+0100, 56e296a, 2020-10-26T01:17:27+0100, 4819.072 1079.744 776.849 607.252 514.133 439.660 361.563 327.047 287.661 264.887 272.501 271.913 267.218 234.198 224.801 219.814 205.923 203.921 200.868 196.209 228.402 188.607 190.352 186.240 187.060 184.387 185.558 181.657 182.259 183.086 , 182.964 179.431 181.394 179.134 182.209 180.290 180.302 178.878 178.983 178.390 179.218 177.505 177.298 179.926 174.156 177.366 175.976 178.584 174.918 177.385
quote-string-interpolation-matching, 10032, 2020-10-26T00:06:23+0100, 56e296a, 2020-10-26T01:19:15+0100, 5088.979 1191.178 988.921 729.782 623.907 596.838 593.482 580.601 587.544 577.652 578.558 565.358 562.730 564.418 552.553 557.163 550.271 554.037 545.599 550.899 556.291 546.953 554.355 542.416 545.430 547.418 542.017 544.228 534.584 541.508 , 534.262 540.083 542.324 536.381 537.740 531.408 543.414 539.344 534.189 538.611 530.277 532.903 539.831 538.172 536.029 528.813 528.699 531.860 533.128 535.548
i1535, 10032, 2020-10-26T00:06:23+0100, 56e296a, 2020-10-26T01:20:33+0100, 3781.803 654.622 502.997 382.731 319.757 279.362 251.308 215.111 192.606 178.785 161.125 153.842 151.951 145.146 146.543 152.219 150.508 148.481 151.205 143.456 140.145 145.761 136.487 132.780 139.274 130.785 131.515 132.414 125.768 126.517 , 122.715 122.094 124.880 119.177 125.065 117.487 117.535 121.237 115.806 118.896 115.630 112.985 114.255 110.494 113.100 109.599 111.309 107.912 109.378 109.902
i1687, 10032, 2020-10-26T00:06:23+0100, 56e296a, 2020-10-26T01:21:48+0100, 3174.722 393.344 272.083 206.190 170.120 137.541 122.888 116.553 110.302 102.619 102.095 96.304 96.564 95.226 93.097 94.120 87.546 87.195 86.366 84.187 84.640 83.795 84.237 82.849 82.673 81.445 81.775 81.350 79.888 81.058 , 78.393 78.458 77.163 77.496 76.093 77.905 75.808 76.648 75.921 76.420 75.497 74.985 75.680 74.444 75.468 75.586 74.903 73.822 75.026 74.151
empty-class, 10032, 2020-10-26T00:06:23+0100, 56e296a, 2020-10-26T01:23:02+0100, 2457.556 126.103 72.562 53.001 46.415 41.310 39.154 37.658 37.530 34.923 33.759 32.916 32.523 32.087 31.049 30.346 29.236 28.543 28.028 28.190 27.729 26.705 26.214 26.687 26.023 25.953 25.838 25.275 25.249 25.082 , 25.042 24.882 25.020 24.631 24.758 24.704 24.457 24.389 24.574 24.747 24.226 24.712 24.366 23.812 24.093 23.697 24.129 24.060 24.073 24.264
empty-object, 10032, 2020-10-26T00:06:23+0100, 56e296a, 2020-10-26T01:24:16+0100, 2677.538 212.044 134.637 104.858 89.895 79.018 72.178 68.071 63.157 61.003 56.875 54.425 51.855 53.190 51.317 49.704 50.027 48.770 48.474 46.434 46.865 46.570 46.369 45.535 46.009 44.527 45.350 44.629 45.374 43.536 , 43.907 43.175 43.834 43.211 43.939 43.424 43.282 43.204 42.218 43.056 42.149 42.312 41.907 42.117 41.784 42.394 41.549 42.272 41.429 41.886
empty-file, 10032, 2020-10-26T00:06:23+0100, 56e296a, 2020-10-26T01:25:28+0100, 1652.324 37.051 18.205 13.176 11.719 11.635 11.176 10.807 10.646 10.155 9.689 9.388 9.001 8.888 8.611 8.572 8.327 8.286 8.295 8.231 8.285 8.133 7.973 7.950 7.975 7.852 7.821 7.822 7.714 7.723 , 7.706 7.730 7.690 7.658 7.753 8.196 7.939 7.898 8.194 8.158 8.298 8.201 8.159 8.193 8.188 8.130 8.322 8.351 7.767 7.838
